id,group,workstream,feature,baseline_status,execution_status,original_evidence,ios_baseline,remaining,acceptance,evidence,commit,run,visual_status,performance_status
F005,الثبات والجلسة والتحقق,1,الخروج وحفظ الجلسة وتجديدها,جزئي,لم يبدأ,دخول/خروج ومستودعات الخدمة في APK,Keychain وrefresh/logout في ReferenceService,الكود موجود؛ دورة انتهاء جلسة/تجديد كاملة على الجهاز غير موثقة,جلسة البريد تحفظ وتجدد وتخرج بصورة صحيحة؛ الرسم والتحريك لحظيان؛ انتظار جاهزية cache بدل sleep؛ اجتياز iPad وiPhone وفحص الصورة الطويلة بايتًا، مع معالجة فشل الشبكة والتخزين.,,,,لم يتحقق,لم يتحقق
F047,الثبات والجلسة والتحقق,1,الرسم المباشر والسحب/التدوير السلس,جزئي,لم يبدأ,EditorCanvasView onTouch/draw,liveInk؛ LayerInteraction؛ native tests,normal stacks تحسنت؛ drawing/complex blends fallback؛ لا نتيجة FPS فعلية عامة,جلسة البريد تحفظ وتجدد وتخرج بصورة صحيحة؛ الرسم والتحريك لحظيان؛ انتظار جاهزية cache بدل sleep؛ اجتياز iPad وiPhone وفحص الصورة الطويلة بايتًا، مع معالجة فشل الشبكة والتخزين.,,,,لم يتحقق,لم يتحقق
F147,الثبات والجلسة والتحقق,1,تعامل الأخطاء/التعافي/تقرير الانهيار,جزئي,لم يبدأ,CrashReportActivity؛ ToastManager؛ cancel dialogs,alerts؛ some loading/cancel states,حالات فقد الشبكة/امتلاء التخزين/فشل جزئي/انهيار واستعادة العمل غير كاملة,جلسة البريد تحفظ وتجدد وتخرج بصورة صحيحة؛ الرسم والتحريك لحظيان؛ انتظار جاهزية cache بدل sleep؛ اجتياز iPad وiPhone وفحص الصورة الطويلة بايتًا، مع معالجة فشل الشبكة والتخزين.,,,,لم يتحقق,لم يتحقق
F148,الثبات والجلسة والتحقق,1,اختبارات طويلة الصور وPhotos والطبقات والنص/التايبر,جزئي,قيد التنفيذ,سلوك المرجع ولقطاته؛ شروط المستخدم,27 اختبار iPhone كاملًا؛ 26 نجاح و1 فشل iPad؛ user manual,فشل iPad توقيت تهيئة cache قبل القراءة الأولى؛ التحقق يحتاج انتظار readiness بدل زمن ثابت. لا دليل تلف source,جلسة البريد تحفظ وتجدد وتخرج بصورة صحيحة؛ الرسم والتحريك لحظيان؛ انتظار جاهزية cache بدل sleep؛ اجتياز iPad وiPhone وفحص الصورة الطويلة بايتًا، مع معالجة فشل الشبكة والتخزين.,تغييرات النص/مقابض اللوحة/StyleStore وTextStyleTests؛ تنتظر البناء والاختبارات الأصلية,,,لم يتحقق,لم يتحقق
F010,الفصول والاستيراد والسحب والتصدير,2,مشروع واحد يحتوي فصلًا بصفحات مرتبة,ناقص,قيد التنفيذ,ProjectGroupMeta؛ PageMeta؛ ProjectGalleryScreenKt,كل صورة EditorPage مستقلة في LibraryStore,نموذج مشروع/فصل متعدد الصفحات مع ترتيب وإعادة ترتيب وفتح الصفحة المطلوبة,فصل بصفحات مرتبة وغلاف وتحديد متعدد ولوحة فارغة؛ استيراد صيغ الصور وPDF والأرشيفات الموثقة؛ دمج وتقسيم وتغيير مقاس دون فقد الطبقات؛ سحب صور فصل مع المعاينة والاختيار والتقدم والإلغاء وإعادة الفشل؛ قارئ متعدد الصفحات وتصدير محدد/كامل وPhotos. التوافق مع مشروع الأصل يثبت بعينة فعلية ولا يستبدل بصيغة Cookies.,ChapterStore / PageOperations / ChapterGallery / WebtoonImportView / BatchExport؛ الاختبارات والبناء قيد التحقق,,,لم يتحقق,لم يتحقق
F011,الفصول والاستيراد والسحب والتصدير,2,اختيار غلاف المشروع/الصفحة,ناقص,قيد التنفيذ,dialog_page_options: btnOpCover,—,أداة غلاف مستقلة وتحديث بطاقة المعرض,فصل بصفحات مرتبة وغلاف وتحديد متعدد ولوحة فارغة؛ استيراد صيغ الصور وPDF والأرشيفات الموثقة؛ دمج وتقسيم وتغيير مقاس دون فقد الطبقات؛ سحب صور فصل مع المعاينة والاختيار والتقدم والإلغاء وإعادة الفشل؛ قارئ متعدد الصفحات وتصدير محدد/كامل وPhotos. التوافق مع مشروع الأصل يثبت بعينة فعلية ولا يستبدل بصيغة Cookies.,ChapterStore / PageOperations / ChapterGallery / WebtoonImportView / BatchExport؛ الاختبارات والبناء قيد التحقق,,,لم يتحقق,لم يتحقق
F012,الفصول والاستيراد والسحب والتصدير,2,تحديد متعدد وعمليات جماعية,ناقص,قيد التنفيذ,ProjectGalleryScreenKt؛ dialog_batch_rename؛ btn_bulk_export,الصور تستورد متعددًا فقط,تحديد صفحات، حذف/نقل/إعادة تسمية وتصدير المحدد,فصل بصفحات مرتبة وغلاف وتحديد متعدد ولوحة فارغة؛ استيراد صيغ الصور وPDF والأرشيفات الموثقة؛ دمج وتقسيم وتغيير مقاس دون فقد الطبقات؛ سحب صور فصل مع المعاينة والاختيار والتقدم والإلغاء وإعادة الفشل؛ قارئ متعدد الصفحات وتصدير محدد/كامل وPhotos. التوافق مع مشروع الأصل يثبت بعينة فعلية ولا يستبدل بصيغة Cookies.,ChapterStore / PageOperations / ChapterGallery / WebtoonImportView / BatchExport؛ الاختبارات والبناء قيد التحقق,,,لم يتحقق,لم يتحقق
F014,الفصول والاستيراد والسحب والتصدير,2,إنشاء لوحة فارغة بالمقاسات والنسب,ناقص,قيد التنفيذ,dialog_new_blank_project؛ لقطة 19-new-canvas,Fixture خاص بالاختبار فقط,اسم وعرض وارتفاع ونسب وخلفية ضمن منتج المستخدم,فصل بصفحات مرتبة وغلاف وتحديد متعدد ولوحة فارغة؛ استيراد صيغ الصور وPDF والأرشيفات الموثقة؛ دمج وتقسيم وتغيير مقاس دون فقد الطبقات؛ سحب صور فصل مع المعاينة والاختيار والتقدم والإلغاء وإعادة الفشل؛ قارئ متعدد الصفحات وتصدير محدد/كامل وPhotos. التوافق مع مشروع الأصل يثبت بعينة فعلية ولا يستبدل بصيغة Cookies.,ChapterStore / PageOperations / ChapterGallery / WebtoonImportView / BatchExport؛ الاختبارات والبناء قيد التحقق,,,لم يتحقق,لم يتحقق
F016,الفصول والاستيراد والسحب والتصدير,2,استيراد PNG/JPEG/HEIC وصيغ ImageIO,جزئي,لم يبدأ,ProjectsActivity image imports,ImagePipeline.importImage,PNG الأصلي ينسخ؛ غير PNG يتحول إلى PNG. الصيغ/EXIF/اللون كلها لم تتحقق,فصل بصفحات مرتبة وغلاف وتحديد متعدد ولوحة فارغة؛ استيراد صيغ الصور وPDF والأرشيفات الموثقة؛ دمج وتقسيم وتغيير مقاس دون فقد الطبقات؛ سحب صور فصل مع المعاينة والاختيار والتقدم والإلغاء وإعادة الفشل؛ قارئ متعدد الصفحات وتصدير محدد/كامل وPhotos. التوافق مع مشروع الأصل يثبت بعينة فعلية ولا يستبدل بصيغة Cookies.,,,,لم يتحقق,لم يتحقق
F017,الفصول والاستيراد والسحب والتصدير,2,استيراد PDF إلى صفحات,ناقص,قيد التنفيذ,dashboard_progress_converting_pdf؛ ProjectsActivity intents,—,اختيار PDF وتحويل كل صفحة بالمقاس المطلوب إلى الفصل,فصل بصفحات مرتبة وغلاف وتحديد متعدد ولوحة فارغة؛ استيراد صيغ الصور وPDF والأرشيفات الموثقة؛ دمج وتقسيم وتغيير مقاس دون فقد الطبقات؛ سحب صور فصل مع المعاينة والاختيار والتقدم والإلغاء وإعادة الفشل؛ قارئ متعدد الصفحات وتصدير محدد/كامل وPhotos. التوافق مع مشروع الأصل يثبت بعينة فعلية ولا يستبدل بصيغة Cookies.,ChapterStore / PageOperations / ChapterGallery / WebtoonImportView / BatchExport؛ الاختبارات والبناء قيد التحقق,,,لم يتحقق,لم يتحقق
F019,الفصول والاستيراد والسحب والتصدير,2,استيراد أرشيفات ZIP/ملفات المشروع الأصلية,ناقص,لم يبدأ,ProjectsActivity MIME/استخراج الأرشيف؛ ProjectMeta,ProjectArchive يستورد .cookies فقط,توثيق وقراءة مشروع YTyper والأرشيفات وترحيلها دون فقد الطبقات,فصل بصفحات مرتبة وغلاف وتحديد متعدد ولوحة فارغة؛ استيراد صيغ الصور وPDF والأرشيفات الموثقة؛ دمج وتقسيم وتغيير مقاس دون فقد الطبقات؛ سحب صور فصل مع المعاينة والاختيار والتقدم والإلغاء وإعادة الفشل؛ قارئ متعدد الصفحات وتصدير محدد/كامل وPhotos. التوافق مع مشروع الأصل يثبت بعينة فعلية ولا يستبدل بصيغة Cookies.,,,,لم يتحقق,لم يتحقق
F023,الفصول والاستيراد والسحب والتصدير,2,دمج الصفحات وMerge Studio,ناقص,قيد التنفيذ,MergeStudioDialogKt؛ btnToolMergeNext,—,دمج أصل المقاسات/الطبقات وإلغاء العملية والتراجع,فصل بصفحات مرتبة وغلاف وتحديد متعدد ولوحة فارغة؛ استيراد صيغ الصور وPDF والأرشيفات الموثقة؛ دمج وتقسيم وتغيير مقاس دون فقد الطبقات؛ سحب صور فصل مع المعاينة والاختيار والتقدم والإلغاء وإعادة الفشل؛ قارئ متعدد الصفحات وتصدير محدد/كامل وPhotos. التوافق مع مشروع الأصل يثبت بعينة فعلية ولا يستبدل بصيغة Cookies.,ChapterStore / PageOperations / ChapterGallery / WebtoonImportView / BatchExport؛ الاختبارات والبناء قيد التحقق,,,لم يتحقق,لم يتحقق
F024,الفصول والاستيراد والسحب والتصدير,2,تقسيم الصفحة بالطول أو بالعدد,ناقص,قيد التنفيذ,dialog_process_pages؛ btnToolSplitPage,—,تقطيع الصورة الطويلة مع توزيع الطبقات وحفظ الأبعاد,فصل بصفحات مرتبة وغلاف وتحديد متعدد ولوحة فارغة؛ استيراد صيغ الصور وPDF والأرشيفات الموثقة؛ دمج وتقسيم وتغيير مقاس دون فقد الطبقات؛ سحب صور فصل مع المعاينة والاختيار والتقدم والإلغاء وإعادة الفشل؛ قارئ متعدد الصفحات وتصدير محدد/كامل وPhotos. التوافق مع مشروع الأصل يثبت بعينة فعلية ولا يستبدل بصيغة Cookies.,ChapterStore / PageOperations / ChapterGallery / WebtoonImportView / BatchExport؛ الاختبارات والبناء قيد التحقق,,,لم يتحقق,لم يتحقق
F025,الفصول والاستيراد والسحب والتصدير,2,تغيير حجم الخلفية/الصفحات الذكي,ناقص,قيد التنفيذ,dialog_resize_canvas؛ dialog_smart_resize,—,حفظ النسبة والتحجيم الاختياري لا يكون صامتًا,فصل بصفحات مرتبة وغلاف وتحديد متعدد ولوحة فارغة؛ استيراد صيغ الصور وPDF والأرشيفات الموثقة؛ دمج وتقسيم وتغيير مقاس دون فقد الطبقات؛ سحب صور فصل مع المعاينة والاختيار والتقدم والإلغاء وإعادة الفشل؛ قارئ متعدد الصفحات وتصدير محدد/كامل وPhotos. التوافق مع مشروع الأصل يثبت بعينة فعلية ولا يستبدل بصيغة Cookies.,ChapterStore / PageOperations / ChapterGallery / WebtoonImportView / BatchExport؛ الاختبارات والبناء قيد التحقق,,,لم يتحقق,لم يتحقق
F090,الفصول والاستيراد والسحب والتصدير,2,استبدال الخلفية وتغيير مقاسها,ناقص,لم يبدأ,btnReplaceBackground؛ btnImgResize؛ dialog_resize_canvas,—,استبدال مضبوط وعدم فقد مواضع الطبقات دون سؤال مناسب,فصل بصفحات مرتبة وغلاف وتحديد متعدد ولوحة فارغة؛ استيراد صيغ الصور وPDF والأرشيفات الموثقة؛ دمج وتقسيم وتغيير مقاس دون فقد الطبقات؛ سحب صور فصل مع المعاينة والاختيار والتقدم والإلغاء وإعادة الفشل؛ قارئ متعدد الصفحات وتصدير محدد/كامل وPhotos. التوافق مع مشروع الأصل يثبت بعينة فعلية ولا يستبدل بصيغة Cookies.,,,,لم يتحقق,لم يتحقق
F114,الفصول والاستيراد والسحب والتصدير,2,Reader Studio: عدة صفحات واتجاه تقليب وتعديل,ناقص,قيد التنفيذ,ReaderStudioDialogKt؛ reader_edit_text/nudge/move,—,التنقل عبر الفصل والأدوات المصغرة وحفظ موضع القراءة,فصل بصفحات مرتبة وغلاف وتحديد متعدد ولوحة فارغة؛ استيراد صيغ الصور وPDF والأرشيفات الموثقة؛ دمج وتقسيم وتغيير مقاس دون فقد الطبقات؛ سحب صور فصل مع المعاينة والاختيار والتقدم والإلغاء وإعادة الفشل؛ قارئ متعدد الصفحات وتصدير محدد/كامل وPhotos. التوافق مع مشروع الأصل يثبت بعينة فعلية ولا يستبدل بصيغة Cookies.,ChapterStore / PageOperations / ChapterGallery / WebtoonImportView / BatchExport؛ الاختبارات والبناء قيد التحقق,,,لم يتحقق,لم يتحقق
F115,الفصول والاستيراد والسحب والتصدير,2,فتح رابط فصل داخل متصفح واستخراج الصور,ناقص,قيد التنفيذ,WebtoonScraperActivity؛ WebtoonScraperScreenKt,—,WKWebView مع معاينة صور مستخرجة مرتبة؛ المحتوى المصرح للمستخدم,فصل بصفحات مرتبة وغلاف وتحديد متعدد ولوحة فارغة؛ استيراد صيغ الصور وPDF والأرشيفات الموثقة؛ دمج وتقسيم وتغيير مقاس دون فقد الطبقات؛ سحب صور فصل مع المعاينة والاختيار والتقدم والإلغاء وإعادة الفشل؛ قارئ متعدد الصفحات وتصدير محدد/كامل وPhotos. التوافق مع مشروع الأصل يثبت بعينة فعلية ولا يستبدل بصيغة Cookies.,ChapterStore / PageOperations / ChapterGallery / WebtoonImportView / BatchExport؛ الاختبارات والبناء قيد التحقق,,,لم يتحقق,لم يتحقق
F116,الفصول والاستيراد والسحب والتصدير,2,تمرير تلقائي وتحميل كسول/خلفيات الصور,ناقص,قيد التنفيذ,WebtoonScraperActivity$startFastDownload$1؛ m.java,—,رصد صور DOM/data-src/background وترتيبها وإيقاف التمرير,فصل بصفحات مرتبة وغلاف وتحديد متعدد ولوحة فارغة؛ استيراد صيغ الصور وPDF والأرشيفات الموثقة؛ دمج وتقسيم وتغيير مقاس دون فقد الطبقات؛ سحب صور فصل مع المعاينة والاختيار والتقدم والإلغاء وإعادة الفشل؛ قارئ متعدد الصفحات وتصدير محدد/كامل وPhotos. التوافق مع مشروع الأصل يثبت بعينة فعلية ولا يستبدل بصيغة Cookies.,ChapterStore / PageOperations / ChapterGallery / WebtoonImportView / BatchExport؛ الاختبارات والبناء قيد التحقق,,,لم يتحقق,لم يتحقق
F117,الفصول والاستيراد والسحب والتصدير,2,معاينة/اختيار/حذف/ترتيب الصور قبل التنزيل,ناقص,قيد التنفيذ,ScrapedImage؛ item_scraper_image؛ ScrapedResultsPanel,—,اختيار محدد/كل الصور بأبعادها وعرض الترتيب,فصل بصفحات مرتبة وغلاف وتحديد متعدد ولوحة فارغة؛ استيراد صيغ الصور وPDF والأرشيفات الموثقة؛ دمج وتقسيم وتغيير مقاس دون فقد الطبقات؛ سحب صور فصل مع المعاينة والاختيار والتقدم والإلغاء وإعادة الفشل؛ قارئ متعدد الصفحات وتصدير محدد/كامل وPhotos. التوافق مع مشروع الأصل يثبت بعينة فعلية ولا يستبدل بصيغة Cookies.,ChapterStore / PageOperations / ChapterGallery / WebtoonImportView / BatchExport؛ الاختبارات والبناء قيد التحقق,,,لم يتحقق,لم يتحقق
F118,الفصول والاستيراد والسحب والتصدير,2,تنزيل الفصل والتقدم/إلغاء وإعادة فشل واستيراده,ناقص,قيد التنفيذ,WebtoonDownloadService؛ scraper state,—,حفظ الملفات باسم مرتب داخل فصل، تقدم، إلغاء، إعادة طلبات فاشلة,فصل بصفحات مرتبة وغلاف وتحديد متعدد ولوحة فارغة؛ استيراد صيغ الصور وPDF والأرشيفات الموثقة؛ دمج وتقسيم وتغيير مقاس دون فقد الطبقات؛ سحب صور فصل مع المعاينة والاختيار والتقدم والإلغاء وإعادة الفشل؛ قارئ متعدد الصفحات وتصدير محدد/كامل وPhotos. التوافق مع مشروع الأصل يثبت بعينة فعلية ولا يستبدل بصيغة Cookies.,ChapterStore / PageOperations / ChapterGallery / WebtoonImportView / BatchExport؛ الاختبارات والبناء قيد التحقق,,,لم يتحقق,لم يتحقق
F122,الفصول والاستيراد والسحب والتصدير,2,تصدير مشروع قابل للتعديل,جزئي,قيد التنفيذ,export_as_project؛ ExportStudio,ProjectArchive .cookies,صيغ Cookies مدعومة؛ توافق YTyper لم ينفذ,فصل بصفحات مرتبة وغلاف وتحديد متعدد ولوحة فارغة؛ استيراد صيغ الصور وPDF والأرشيفات الموثقة؛ دمج وتقسيم وتغيير مقاس دون فقد الطبقات؛ سحب صور فصل مع المعاينة والاختيار والتقدم والإلغاء وإعادة الفشل؛ قارئ متعدد الصفحات وتصدير محدد/كامل وPhotos. التوافق مع مشروع الأصل يثبت بعينة فعلية ولا يستبدل بصيغة Cookies.,ChapterStore / PageOperations / ChapterGallery / WebtoonImportView / BatchExport؛ الاختبارات والبناء قيد التحقق,,,لم يتحقق,لم يتحقق
F123,الفصول والاستيراد والسحب والتصدير,2,تصدير صفحات محددة/الكل وإعادة تسمية وحزمة,ناقص,قيد التنفيذ,ExportStudioScreenKt؛ dialog_batch_rename؛ item_export_page,صفحة واحدة فقط,تقدم دفعي وحزمة ZIP واختيار الصفحات والاسم والامتداد,فصل بصفحات مرتبة وغلاف وتحديد متعدد ولوحة فارغة؛ استيراد صيغ الصور وPDF والأرشيفات الموثقة؛ دمج وتقسيم وتغيير مقاس دون فقد الطبقات؛ سحب صور فصل مع المعاينة والاختيار والتقدم والإلغاء وإعادة الفشل؛ قارئ متعدد الصفحات وتصدير محدد/كامل وPhotos. التوافق مع مشروع الأصل يثبت بعينة فعلية ولا يستبدل بصيغة Cookies.,ChapterStore / PageOperations / ChapterGallery / WebtoonImportView / BatchExport؛ الاختبارات والبناء قيد التحقق,,,لم يتحقق,لم يتحقق
F124,الفصول والاستيراد والسحب والتصدير,2,تصدير ذكي بدمج الفصل وإعادة تقطيعه,ناقص,قيد التنفيذ,smart_export_hint؛ ExportStudio,—,يحتاج نموذج فصل ودمج/تقسيم مع طبقات ومقاس صحيح,فصل بصفحات مرتبة وغلاف وتحديد متعدد ولوحة فارغة؛ استيراد صيغ الصور وPDF والأرشيفات الموثقة؛ دمج وتقسيم وتغيير مقاس دون فقد الطبقات؛ سحب صور فصل مع المعاينة والاختيار والتقدم والإلغاء وإعادة الفشل؛ قارئ متعدد الصفحات وتصدير محدد/كامل وPhotos. التوافق مع مشروع الأصل يثبت بعينة فعلية ولا يستبدل بصيغة Cookies.,ChapterStore / PageOperations / ChapterGallery / WebtoonImportView / BatchExport؛ الاختبارات والبناء قيد التحقق,,,لم يتحقق,لم يتحقق
F125,الفصول والاستيراد والسحب والتصدير,2,حفظ مباشر إلى Photos/الملفات/المشاركة,جزئي,قيد التنفيذ,export save destination,ShareLink system share sheet,حفظ PNG مباشرة في Photos للصورة/صفحات الفصل أضيف؛ تحقق صلاحية addOnly على جهاز متبقٍ,فصل بصفحات مرتبة وغلاف وتحديد متعدد ولوحة فارغة؛ استيراد صيغ الصور وPDF والأرشيفات الموثقة؛ دمج وتقسيم وتغيير مقاس دون فقد الطبقات؛ سحب صور فصل مع المعاينة والاختيار والتقدم والإلغاء وإعادة الفشل؛ قارئ متعدد الصفحات وتصدير محدد/كامل وPhotos. التوافق مع مشروع الأصل يثبت بعينة فعلية ولا يستبدل بصيغة Cookies.,تغييرات مصدر فعلية؛ لم تعتمد مكتملة بعد,,,لم يتحقق,لم يتحقق
F034,التايبر والقنص وسير عمل المحرر,3,وسوم الحوار والخط والنمط وعدم إدراج العناوين,جزئي,قيد التنفيذ,TagItem؛ TagSet؛ editor/d0.java؛ TagMiniEditorActivity,DialogueTag؛ TyperSettingsView,تطبيق نمط محفوظ للوسم وحفظ خامته عند الإدراج؛ اختبار واجهة ومطابقة الأصل متبقيان,مجموعات وسوم وخطوط سريعة؛ تحرير وترتيب فقاعات ومقاس لوحة؛ قواعد // والعناوين؛ مسودات قابلة للاسترجاع؛ توزيع النص على أهداف القنص بالترتيب؛ وضع الأدوات يستبدل الشريط؛ Snap؛ محرر Inline وإعدادات تغير السلوك وتستمر. لا فقد لسجل الفقاعات الرمادية بعد إعادة الفتح.,تغييرات مصدر فعلية؛ لم تعتمد مكتملة بعد,,,لم يتحقق,لم يتحقق
F035,التايبر والقنص وسير عمل المحرر,3,مجموعات وسوم متعددة وتبديل المجموعة,ناقص,قيد التنفيذ,Prefs dynamic_tag_sets؛ active_tag_set_id,قائمة وسوم واحدة فقط,مجموعات وسوم محفوظة مع تبديل/نسخ/إعادة تسمية/حذف؛ اختبار إعادة الفتح أضيف وينتظر CI,مجموعات وسوم وخطوط سريعة؛ تحرير وترتيب فقاعات ومقاس لوحة؛ قواعد // والعناوين؛ مسودات قابلة للاسترجاع؛ توزيع النص على أهداف القنص بالترتيب؛ وضع الأدوات يستبدل الشريط؛ Snap؛ محرر Inline وإعدادات تغير السلوك وتستمر. لا فقد لسجل الفقاعات الرمادية بعد إعادة الفتح.,تغييرات مصدر فعلية؛ لم تعتمد مكتملة بعد,,,لم يتحقق,لم يتحقق
F036,التايبر والقنص وسير عمل المحرر,3,شريط الوسوم السريعة والخطوط السريعة,ناقص,قيد التنفيذ,layout_typer_panel quickTags/quickFonts؛ btnQuickFontAdd,الخط يحدد في إعداد الوسم فقط,شريط وسوم وخطوط سريعة قابل للإعداد؛ تخطيط الآيباد والتحقق البصري متبقيان,مجموعات وسوم وخطوط سريعة؛ تحرير وترتيب فقاعات ومقاس لوحة؛ قواعد // والعناوين؛ مسودات قابلة للاسترجاع؛ توزيع النص على أهداف القنص بالترتيب؛ وضع الأدوات يستبدل الشريط؛ Snap؛ محرر Inline وإعدادات تغير السلوك وتستمر. لا فقد لسجل الفقاعات الرمادية بعد إعادة الفتح.,تغييرات مصدر فعلية؛ لم تعتمد مكتملة بعد,,,لم يتحقق,لم يتحقق
F037,التايبر والقنص وسير عمل المحرر,3,تعديل فقاعة منفردة/إضافتها وإعادة ترتيبها,جزئي,قيد التنفيذ,btnTyperAddBubble؛ Typer board,تحرير مصدر الفصل ثم إعادة تحليل كامل,تحرير/إضافة/إعادة ترتيب الفقاعات دون حذف progress؛ native test بانتظار CI,مجموعات وسوم وخطوط سريعة؛ تحرير وترتيب فقاعات ومقاس لوحة؛ قواعد // والعناوين؛ مسودات قابلة للاسترجاع؛ توزيع النص على أهداف القنص بالترتيب؛ وضع الأدوات يستبدل الشريط؛ Snap؛ محرر Inline وإعدادات تغير السلوك وتستمر. لا فقد لسجل الفقاعات الرمادية بعد إعادة الفتح.,تغييرات مصدر فعلية؛ لم تعتمد مكتملة بعد,,,لم يتحقق,لم يتحقق
F038,التايبر والقنص وسير عمل المحرر,3,تنسيق مربع/دائرة وتغيير مقاس لوحة التايبر,ناقص,قيد التنفيذ,btnFormatSquare/btnFormatCircle؛ TYPER_PANEL_SIZE,لوحة ثابتة متجاوبة جزئيًا,تنسيق مربع ودائرة ومقاسات اللوحة أضيفت؛ مقارنة نتائج الأصل متبقية,مجموعات وسوم وخطوط سريعة؛ تحرير وترتيب فقاعات ومقاس لوحة؛ قواعد // والعناوين؛ مسودات قابلة للاسترجاع؛ توزيع النص على أهداف القنص بالترتيب؛ وضع الأدوات يستبدل الشريط؛ Snap؛ محرر Inline وإعدادات تغير السلوك وتستمر. لا فقد لسجل الفقاعات الرمادية بعد إعادة الفتح.,تغييرات مصدر فعلية؛ لم تعتمد مكتملة بعد,,,لم يتحقق,لم يتحقق
F039,التايبر والقنص وسير عمل المحرر,3,استمرار الوسم السابق //,جزئي,لم يبدأ,editor/d0.java linkTag؛ Prefs LINK_TAG,TranscriptParser linkPrefix ثابت //,أساس القاعدة موجود؛ إعداد البادئة والبدائل العربية يحتاج مطابقة,مجموعات وسوم وخطوط سريعة؛ تحرير وترتيب فقاعات ومقاس لوحة؛ قواعد // والعناوين؛ مسودات قابلة للاسترجاع؛ توزيع النص على أهداف القنص بالترتيب؛ وضع الأدوات يستبدل الشريط؛ Snap؛ محرر Inline وإعدادات تغير السلوك وتستمر. لا فقد لسجل الفقاعات الرمادية بعد إعادة الفتح.,,,,لم يتحقق,لم يتحقق
F041,التايبر والقنص وسير عمل المحرر,3,توزيع عدة فقاعات على أهداف القنص,جزئي,لم يبدأ,typer/w.java pasteSniperTargets,TyperStore.place targets؛ SniperDetector.fitted,تنسيق الأصل وبدء التوزيع من المحددة/تخطي العناوين يحتاجان سيناريوهات مقارنة,مجموعات وسوم وخطوط سريعة؛ تحرير وترتيب فقاعات ومقاس لوحة؛ قواعد // والعناوين؛ مسودات قابلة للاسترجاع؛ توزيع النص على أهداف القنص بالترتيب؛ وضع الأدوات يستبدل الشريط؛ Snap؛ محرر Inline وإعدادات تغير السلوك وتستمر. لا فقد لسجل الفقاعات الرمادية بعد إعادة الفتح.,,,,لم يتحقق,لم يتحقق
F044,التايبر والقنص وسير عمل المحرر,3,حفظ النص في المسودات واسترجاع المهملات,ناقص,قيد التنفيذ,text_moved_to_drafts_trash؛ floating widget,لا أرشيف مسودات نص مماثل,مهملات فصول قابلة للاسترجاع؛ مسودة التحرير غير المحفوظة متبقية,مجموعات وسوم وخطوط سريعة؛ تحرير وترتيب فقاعات ومقاس لوحة؛ قواعد // والعناوين؛ مسودات قابلة للاسترجاع؛ توزيع النص على أهداف القنص بالترتيب؛ وضع الأدوات يستبدل الشريط؛ Snap؛ محرر Inline وإعدادات تغير السلوك وتستمر. لا فقد لسجل الفقاعات الرمادية بعد إعادة الفتح.,تغييرات مصدر فعلية؛ لم تعتمد مكتملة بعد,,,لم يتحقق,لم يتحقق
F048,التايبر والقنص وسير عمل المحرر,3,شريط الأدوات يتبدل بحسب الأداة,جزئي,لم يبدأ,activity_editor text/image/shape/drawing strips,EditorView text/brush strips,النص والرسم موجودان؛ الصور والأشكال لا تملكان كل شرائط الأصل,مجموعات وسوم وخطوط سريعة؛ تحرير وترتيب فقاعات ومقاس لوحة؛ قواعد // والعناوين؛ مسودات قابلة للاسترجاع؛ توزيع النص على أهداف القنص بالترتيب؛ وضع الأدوات يستبدل الشريط؛ Snap؛ محرر Inline وإعدادات تغير السلوك وتستمر. لا فقد لسجل الفقاعات الرمادية بعد إعادة الفتح.,,,,لم يتحقق,لم يتحقق
F052,التايبر والقنص وسير عمل المحرر,3,المحاذاة المغناطيسية Snap,ناقص,قيد التنفيذ,layout_snap_settings؛ SNAP_* prefs,—,Snap لحواف الصورة ومركزها أضيف؛ دوران النص ومحاذاة نظائره متبقيان,مجموعات وسوم وخطوط سريعة؛ تحرير وترتيب فقاعات ومقاس لوحة؛ قواعد // والعناوين؛ مسودات قابلة للاسترجاع؛ توزيع النص على أهداف القنص بالترتيب؛ وضع الأدوات يستبدل الشريط؛ Snap؛ محرر Inline وإعدادات تغير السلوك وتستمر. لا فقد لسجل الفقاعات الرمادية بعد إعادة الفتح.,تغييرات مصدر فعلية؛ لم تعتمد مكتملة بعد,,,لم يتحقق,لم يتحقق
F059,التايبر والقنص وسير عمل المحرر,3,محرر Inline مع لصق/نسخ/حروف كبيرة/صغيرة/تطويل وإرساء,جزئي,لم يبدأ,layout_inline_editor IDs,ArabicTextEditor؛ Typer uppercase,شريط النص المختصر في الأصل غير موجود بكل أزراره/اختياراته,مجموعات وسوم وخطوط سريعة؛ تحرير وترتيب فقاعات ومقاس لوحة؛ قواعد // والعناوين؛ مسودات قابلة للاسترجاع؛ توزيع النص على أهداف القنص بالترتيب؛ وضع الأدوات يستبدل الشريط؛ Snap؛ محرر Inline وإعدادات تغير السلوك وتستمر. لا فقد لسجل الفقاعات الرمادية بعد إعادة الفتح.,,,,لم يتحقق,لم يتحقق
F141,التايبر والقنص وسير عمل المحرر,3,إعدادات الفصل/الوسوم/الحجم الافتراضي للنص,جزئي,لم يبدأ,SettingsActivity؛ BUBBLE_SEPARATION_MODE؛ TEXT_SIZE,TyperSettingsView؛ DialogueTagView,أساس وظيفي؛ مجموعات واستيراد الوسوم وكامل خصائصها ناقص,مجموعات وسوم وخطوط سريعة؛ تحرير وترتيب فقاعات ومقاس لوحة؛ قواعد // والعناوين؛ مسودات قابلة للاسترجاع؛ توزيع النص على أهداف القنص بالترتيب؛ وضع الأدوات يستبدل الشريط؛ Snap؛ محرر Inline وإعدادات تغير السلوك وتستمر. لا فقد لسجل الفقاعات الرمادية بعد إعادة الفتح.,,,,لم يتحقق,لم يتحقق
F143,التايبر والقنص وسير عمل المحرر,3,سرعة المقابض/مقاس إدراج التايبر/نقر مزدوج/SmartPosition,ناقص,لم يبدأ,HANDLE_TRANSFORM_SPEED؛ TYPER_PASTE_SCALE؛ SMART_TEXT_POSITIONING,حساسية ثابتة؛ viewport placement,كل إعداد يجب أن يغير السلوك ويستمر بعد إعادة الفتح,مجموعات وسوم وخطوط سريعة؛ تحرير وترتيب فقاعات ومقاس لوحة؛ قواعد // والعناوين؛ مسودات قابلة للاسترجاع؛ توزيع النص على أهداف القنص بالترتيب؛ وضع الأدوات يستبدل الشريط؛ Snap؛ محرر Inline وإعدادات تغير السلوك وتستمر. لا فقد لسجل الفقاعات الرمادية بعد إعادة الفتح.,,,,لم يتحقق,لم يتحقق
F062,النص والأنماط والخطوط,4,تنسيق كلمة/مدى محدد Rich spans,ناقص,قيد التنفيذ,TextSpan؛ layout_inline_editor selection actions,TextStyle.spans يخزن ويعرض جزءًا؛ لا UI لتحديد المدى,اختيار مدى UTF16 وخواص اللون/الحجم/الغامق أضيف؛ تغيير النص وترحيل المدى والتحقق العربي متبقيان,تنسيق مدى وسطر وكشيدة؛ تدرج داخل الحروف فقط؛ حدود إضافية وظل وخلفية مستقلة؛ موضع وتباعد وخامة وشفافية وتلاشٍ؛ منظور وشبكة بمقابض داخل اللوحة؛ مسطرة وتحويل PNG وأقنعة مسح/استرجاع؛ إنشاء وإدارة واستيراد وتصدير الأنماط والوسوم وقطارة النمط؛ أقسام ومجموعات الخطوط وحذف المخصص وتصديره. تطابق المعاينة والتصدير والحفظ، ومقارنة العربي والتشكيل مع الأصل.,تغييرات مصدر فعلية؛ لم تعتمد مكتملة بعد,,,لم يتحقق,لم يتحقق
F063,النص والأنماط والخطوط,4,تنسيق كل سطر والكشيدة والتوزيع,ناقص,قيد التنفيذ,dialog_text_line_format؛ TextLineFormatPanel؛ KashidaLineFormatter,—,تنسيق مربع/دائرة وكشيدة أضيف؛ تنسيق سطر محدد والتوزيع التفصيلي متبقيان,تنسيق مدى وسطر وكشيدة؛ تدرج داخل الحروف فقط؛ حدود إضافية وظل وخلفية مستقلة؛ موضع وتباعد وخامة وشفافية وتلاشٍ؛ منظور وشبكة بمقابض داخل اللوحة؛ مسطرة وتحويل PNG وأقنعة مسح/استرجاع؛ إنشاء وإدارة واستيراد وتصدير الأنماط والوسوم وقطارة النمط؛ أقسام ومجموعات الخطوط وحذف المخصص وتصديره. تطابق المعاينة والتصدير والحفظ، ومقارنة العربي والتشكيل مع الأصل.,تغييرات مصدر فعلية؛ لم تعتمد مكتملة بعد,,,لم يتحقق,لم يتحقق
F064,النص والأنماط والخطوط,4,اللون والتدرج الأساسي,جزئي,قيد التنفيذ,layout_color_panel؛ ColorPickerPanel,TextInspector .color؛ تدرج بلونين,قناع alpha للحروف وتدرجات متعددة الأنواع والتوقفات؛ الاختبار الجديد بانتظار CI,تنسيق مدى وسطر وكشيدة؛ تدرج داخل الحروف فقط؛ حدود إضافية وظل وخلفية مستقلة؛ موضع وتباعد وخامة وشفافية وتلاشٍ؛ منظور وشبكة بمقابض داخل اللوحة؛ مسطرة وتحويل PNG وأقنعة مسح/استرجاع؛ إنشاء وإدارة واستيراد وتصدير الأنماط والوسوم وقطارة النمط؛ أقسام ومجموعات الخطوط وحذف المخصص وتصديره. تطابق المعاينة والتصدير والحفظ، ومقارنة العربي والتشكيل مع الأصل.,تغييرات مصدر فعلية؛ لم تعتمد مكتملة بعد,,,لم يتحقق,لم يتحقق
F065,النص والأنماط والخطوط,4,تدرجات متقدمة وتفاعلية وGradient Map,ناقص,قيد التنفيذ,AdvancedGradientDialog؛ InteractiveGradientDialog؛ GradientMapPanel,بعض حقول gradient موجودة فقط,خطي/دائري/منعكس/زاوي والتوقفات؛ Gradient Map والمقابض داخل اللوحة متبقيان,تنسيق مدى وسطر وكشيدة؛ تدرج داخل الحروف فقط؛ حدود إضافية وظل وخلفية مستقلة؛ موضع وتباعد وخامة وشفافية وتلاشٍ؛ منظور وشبكة بمقابض داخل اللوحة؛ مسطرة وتحويل PNG وأقنعة مسح/استرجاع؛ إنشاء وإدارة واستيراد وتصدير الأنماط والوسوم وقطارة النمط؛ أقسام ومجموعات الخطوط وحذف المخصص وتصديره. تطابق المعاينة والتصدير والحفظ، ومقارنة العربي والتشكيل مع الأصل.,تغييرات مصدر فعلية؛ لم تعتمد مكتملة بعد,,,لم يتحقق,لم يتحقق
F067,النص والأنماط والخطوط,4,حدود إضافية/تدرج حدود/أشكال حدود وقوالب,ناقص,قيد التنفيذ,ExtraStroke؛ StrokeShapeView؛ StrokePresetAdapter,strokeGradient مخزن دون واجهة؛ لا ExtraStroke,حدود إضافية وتدرج حدود أضيف؛ قوالب/أشكال حدود ومطابقة الأصل متبقية,تنسيق مدى وسطر وكشيدة؛ تدرج داخل الحروف فقط؛ حدود إضافية وظل وخلفية مستقلة؛ موضع وتباعد وخامة وشفافية وتلاشٍ؛ منظور وشبكة بمقابض داخل اللوحة؛ مسطرة وتحويل PNG وأقنعة مسح/استرجاع؛ إنشاء وإدارة واستيراد وتصدير الأنماط والوسوم وقطارة النمط؛ أقسام ومجموعات الخطوط وحذف المخصص وتصديره. تطابق المعاينة والتصدير والحفظ، ومقارنة العربي والتشكيل مع الأصل.,تغييرات مصدر فعلية؛ لم تعتمد مكتملة بعد,,,لم يتحقق,لم يتحقق
F068,النص والأنماط والخطوط,4,خلفية النص مع استدارة/شفافية/حشو,جزئي,لم يبدأ,layout_background_panel,TextInspector .background؛ LayerRenderer,اللون والاستدارة/الشفافية موجودة؛ X/Y padding والقوالب غير مكشوفة بالكامل,تنسيق مدى وسطر وكشيدة؛ تدرج داخل الحروف فقط؛ حدود إضافية وظل وخلفية مستقلة؛ موضع وتباعد وخامة وشفافية وتلاشٍ؛ منظور وشبكة بمقابض داخل اللوحة؛ مسطرة وتحويل PNG وأقنعة مسح/استرجاع؛ إنشاء وإدارة واستيراد وتصدير الأنماط والوسوم وقطارة النمط؛ أقسام ومجموعات الخطوط وحذف المخصص وتصديره. تطابق المعاينة والتصدير والحفظ، ومقارنة العربي والتشكيل مع الأصل.,,,,لم يتحقق,لم يتحقق
F069,النص والأنماط والخطوط,4,الظل والنعومة والإزاحة والشفافية/تدرج الظل,جزئي,قيد التنفيذ,layout_shadow_panel؛ ShadowEditorPanel,TextInspector .shadow,شفافية الظل موصلة بالرسم؛ تدرج الظل وسماكته متبقيان,تنسيق مدى وسطر وكشيدة؛ تدرج داخل الحروف فقط؛ حدود إضافية وظل وخلفية مستقلة؛ موضع وتباعد وخامة وشفافية وتلاشٍ؛ منظور وشبكة بمقابض داخل اللوحة؛ مسطرة وتحويل PNG وأقنعة مسح/استرجاع؛ إنشاء وإدارة واستيراد وتصدير الأنماط والوسوم وقطارة النمط؛ أقسام ومجموعات الخطوط وحذف المخصص وتصديره. تطابق المعاينة والتصدير والحفظ، ومقارنة العربي والتشكيل مع الأصل.,تغييرات مصدر فعلية؛ لم تعتمد مكتملة بعد,,,لم يتحقق,لم يتحقق
F070,النص والأنماط والخطوط,4,الموضع والمحاذاة للوحة والنقل خطوة والقلب,جزئي,قيد التنفيذ,layout_position_panel IDs,TextInspector .position؛ handles,قيم موضع النص أضيفت؛ النقل خطوة والقلب والمحاذاة التفصيلية متبقية,تنسيق مدى وسطر وكشيدة؛ تدرج داخل الحروف فقط؛ حدود إضافية وظل وخلفية مستقلة؛ موضع وتباعد وخامة وشفافية وتلاشٍ؛ منظور وشبكة بمقابض داخل اللوحة؛ مسطرة وتحويل PNG وأقنعة مسح/استرجاع؛ إنشاء وإدارة واستيراد وتصدير الأنماط والوسوم وقطارة النمط؛ أقسام ومجموعات الخطوط وحذف المخصص وتصديره. تطابق المعاينة والتصدير والحفظ، ومقارنة العربي والتشكيل مع الأصل.,تغييرات مصدر فعلية؛ لم تعتمد مكتملة بعد,,,لم يتحقق,لم يتحقق
F071,النص والأنماط والخطوط,4,تباعد الحروف والأسطر والتشكيل,جزئي,لم يبدأ,layout_spacing_panel tashkeel,TextInspector .spacing,حروف/أسطر؛ تحكم التشكيل/tashkeel غير موجود,تنسيق مدى وسطر وكشيدة؛ تدرج داخل الحروف فقط؛ حدود إضافية وظل وخلفية مستقلة؛ موضع وتباعد وخامة وشفافية وتلاشٍ؛ منظور وشبكة بمقابض داخل اللوحة؛ مسطرة وتحويل PNG وأقنعة مسح/استرجاع؛ إنشاء وإدارة واستيراد وتصدير الأنماط والوسوم وقطارة النمط؛ أقسام ومجموعات الخطوط وحذف المخصص وتصديره. تطابق المعاينة والتصدير والحفظ، ومقارنة العربي والتشكيل مع الأصل.,,,,لم يتحقق,لم يتحقق
F073,النص والأنماط والخطوط,4,المنظور الرباعي والشبكة الحرة على الصورة,جزئي,قيد التنفيذ,layout_perspective_panel؛ view handlers,GeometryInspector؛ TextRaster,مقابض اللوحة ونص فعلي في المعاينة وتصحيح extent؛ دليل بكسلي وحالة الشبكة متبقيان,تنسيق مدى وسطر وكشيدة؛ تدرج داخل الحروف فقط؛ حدود إضافية وظل وخلفية مستقلة؛ موضع وتباعد وخامة وشفافية وتلاشٍ؛ منظور وشبكة بمقابض داخل اللوحة؛ مسطرة وتحويل PNG وأقنعة مسح/استرجاع؛ إنشاء وإدارة واستيراد وتصدير الأنماط والوسوم وقطارة النمط؛ أقسام ومجموعات الخطوط وحذف المخصص وتصديره. تطابق المعاينة والتصدير والحفظ، ومقارنة العربي والتشكيل مع الأصل.,تغييرات مصدر فعلية؛ لم تعتمد مكتملة بعد,,,لم يتحقق,لم يتحقق
F075,النص والأنماط والخطوط,4,الخامات: استيراد وتحجيم ودوران وإزاحة,جزئي,لم يبدأ,layout_texture_panel؛ TextureEditorPanel,TextInspector .texture؛ TextRaster,الأدوات الأساسية موجودة؛ شاشة النقل والقوالب/التطبيق البكسلي غير متطابقة,تنسيق مدى وسطر وكشيدة؛ تدرج داخل الحروف فقط؛ حدود إضافية وظل وخلفية مستقلة؛ موضع وتباعد وخامة وشفافية وتلاشٍ؛ منظور وشبكة بمقابض داخل اللوحة؛ مسطرة وتحويل PNG وأقنعة مسح/استرجاع؛ إنشاء وإدارة واستيراد وتصدير الأنماط والوسوم وقطارة النمط؛ أقسام ومجموعات الخطوط وحذف المخصص وتصديره. تطابق المعاينة والتصدير والحفظ، ومقارنة العربي والتشكيل مع الأصل.,,,,لم يتحقق,لم يتحقق
F076,النص والأنماط والخطوط,4,شفافية النص الداخلية ومزج الطبقة,جزئي,قيد التنفيذ,layout_opacity_panel innerOpacity؛ LayerBlendMode,Layer.opacity وBlend، خمسة أوضاع الأصل ضمن ثمانية,شفافية حروف مستقلة أضيفت؛ اختبار المزج مع المصادر الشفافة متبقٍ,تنسيق مدى وسطر وكشيدة؛ تدرج داخل الحروف فقط؛ حدود إضافية وظل وخلفية مستقلة؛ موضع وتباعد وخامة وشفافية وتلاشٍ؛ منظور وشبكة بمقابض داخل اللوحة؛ مسطرة وتحويل PNG وأقنعة مسح/استرجاع؛ إنشاء وإدارة واستيراد وتصدير الأنماط والوسوم وقطارة النمط؛ أقسام ومجموعات الخطوط وحذف المخصص وتصديره. تطابق المعاينة والتصدير والحفظ، ومقارنة العربي والتشكيل مع الأصل.,تغييرات مصدر فعلية؛ لم تعتمد مكتملة بعد,,,لم يتحقق,لم يتحقق
F077,النص والأنماط والخطوط,4,تلاشي باتجاه/مدى كأداة مستقلة,جزئي,قيد التنفيذ,layout_fade_panel,TextEffect.fade opacity,تلاشي اتجاهي للحروف أضيف؛ مقارنة المعاينة والتصدير متبقية,تنسيق مدى وسطر وكشيدة؛ تدرج داخل الحروف فقط؛ حدود إضافية وظل وخلفية مستقلة؛ موضع وتباعد وخامة وشفافية وتلاشٍ؛ منظور وشبكة بمقابض داخل اللوحة؛ مسطرة وتحويل PNG وأقنعة مسح/استرجاع؛ إنشاء وإدارة واستيراد وتصدير الأنماط والوسوم وقطارة النمط؛ أقسام ومجموعات الخطوط وحذف المخصص وتصديره. تطابق المعاينة والتصدير والحفظ، ومقارنة العربي والتشكيل مع الأصل.,تغييرات مصدر فعلية؛ لم تعتمد مكتملة بعد,,,لم يتحقق,لم يتحقق
F078,النص والأنماط والخطوط,4,المسطرة والتوسيط السحري,ناقص,قيد التنفيذ,layout_ruler_panel؛ btnAutoCenter,—,مسطرة حدود النص وSnap للمركز أضيفا؛ التوسيط السحري المتقدم متبقٍ,تنسيق مدى وسطر وكشيدة؛ تدرج داخل الحروف فقط؛ حدود إضافية وظل وخلفية مستقلة؛ موضع وتباعد وخامة وشفافية وتلاشٍ؛ منظور وشبكة بمقابض داخل اللوحة؛ مسطرة وتحويل PNG وأقنعة مسح/استرجاع؛ إنشاء وإدارة واستيراد وتصدير الأنماط والوسوم وقطارة النمط؛ أقسام ومجموعات الخطوط وحذف المخصص وتصديره. تطابق المعاينة والتصدير والحفظ، ومقارنة العربي والتشكيل مع الأصل.,تغييرات مصدر فعلية؛ لم تعتمد مكتملة بعد,,,لم يتحقق,لم يتحقق
F079,النص والأنماط والخطوط,4,تحويل النص إلى PNG/طبقة صورة,ناقص,قيد التنفيذ,activity_editor btnTextToPng,التصدير يرستر النص لكن لا تحويل داخلي,تحويل طبقة نص إلى PNG مع undo أضيف؛ المنظور الممتد والقناع والاختبار متبقيان,تنسيق مدى وسطر وكشيدة؛ تدرج داخل الحروف فقط؛ حدود إضافية وظل وخلفية مستقلة؛ موضع وتباعد وخامة وشفافية وتلاشٍ؛ منظور وشبكة بمقابض داخل اللوحة؛ مسطرة وتحويل PNG وأقنعة مسح/استرجاع؛ إنشاء وإدارة واستيراد وتصدير الأنماط والوسوم وقطارة النمط؛ أقسام ومجموعات الخطوط وحذف المخصص وتصديره. تطابق المعاينة والتصدير والحفظ، ومقارنة العربي والتشكيل مع الأصل.,تغييرات مصدر فعلية؛ لم تعتمد مكتملة بعد,,,لم يتحقق,لم يتحقق
F080,النص والأنماط والخطوط,4,مسح/استرجاع النص بقناع مرسوم,ناقص,لم يبدأ,layout_eraser_panel rbErase/rbRestore/showMask,قناع دائري فقط في TextInspector .mask,فرشاة قناع قابلة للمسح/الاسترجاع ومعاينة واعتماد وإلغاء,تنسيق مدى وسطر وكشيدة؛ تدرج داخل الحروف فقط؛ حدود إضافية وظل وخلفية مستقلة؛ موضع وتباعد وخامة وشفافية وتلاشٍ؛ منظور وشبكة بمقابض داخل اللوحة؛ مسطرة وتحويل PNG وأقنعة مسح/استرجاع؛ إنشاء وإدارة واستيراد وتصدير الأنماط والوسوم وقطارة النمط؛ أقسام ومجموعات الخطوط وحذف المخصص وتصديره. تطابق المعاينة والتصدير والحفظ، ومقارنة العربي والتشكيل مع الأصل.,,,,لم يتحقق,لم يتحقق
F081,النص والأنماط والخطوط,4,أنماط نص محفوظة وإنشاء نمط من المحدد,ناقص,قيد التنفيذ,TextStylesPanel؛ btnSaveCurrentStyle؛ SavedTextStyle,أربعة presets ثابتة فقط,تخزين فعلي ومجموعات وبحث وأسماء ومشاركة وإدارة,تنسيق مدى وسطر وكشيدة؛ تدرج داخل الحروف فقط؛ حدود إضافية وظل وخلفية مستقلة؛ موضع وتباعد وخامة وشفافية وتلاشٍ؛ منظور وشبكة بمقابض داخل اللوحة؛ مسطرة وتحويل PNG وأقنعة مسح/استرجاع؛ إنشاء وإدارة واستيراد وتصدير الأنماط والوسوم وقطارة النمط؛ أقسام ومجموعات الخطوط وحذف المخصص وتصديره. تطابق المعاينة والتصدير والحفظ، ومقارنة العربي والتشكيل مع الأصل.,تغييرات النص/مقابض اللوحة/StyleStore وTextStyleTests؛ تنتظر البناء والاختبارات الأصلية,,,لم يتحقق,لم يتحقق
F082,النص والأنماط والخطوط,4,استيراد/تصدير حزم أنماط ووسوم,ناقص,قيد التنفيذ,ImportedStylesActivity؛ exportStylesPackage؛ tags export,JSON الفصل فقط,قارئ JSON لتصدير Android styles أضيف بجانب Cookies؛ عينة تصدير فعلية وحقول التأثيرات غير المدعومة متبقية,تنسيق مدى وسطر وكشيدة؛ تدرج داخل الحروف فقط؛ حدود إضافية وظل وخلفية مستقلة؛ موضع وتباعد وخامة وشفافية وتلاشٍ؛ منظور وشبكة بمقابض داخل اللوحة؛ مسطرة وتحويل PNG وأقنعة مسح/استرجاع؛ إنشاء وإدارة واستيراد وتصدير الأنماط والوسوم وقطارة النمط؛ أقسام ومجموعات الخطوط وحذف المخصص وتصديره. تطابق المعاينة والتصدير والحفظ، ومقارنة العربي والتشكيل مع الأصل.,تغييرات مصدر فعلية؛ لم تعتمد مكتملة بعد,,,لم يتحقق,لم يتحقق
F083,النص والأنماط والخطوط,4,قطارة النمط ونسخ آخر نمط,ناقص,قيد التنفيذ,Radial STYLE_PIPETTE؛ btnInlineLastStyle,—,نقل خصائص النص/الخط حسب خيارات الأصل,تنسيق مدى وسطر وكشيدة؛ تدرج داخل الحروف فقط؛ حدود إضافية وظل وخلفية مستقلة؛ موضع وتباعد وخامة وشفافية وتلاشٍ؛ منظور وشبكة بمقابض داخل اللوحة؛ مسطرة وتحويل PNG وأقنعة مسح/استرجاع؛ إنشاء وإدارة واستيراد وتصدير الأنماط والوسوم وقطارة النمط؛ أقسام ومجموعات الخطوط وحذف المخصص وتصديره. تطابق المعاينة والتصدير والحفظ، ومقارنة العربي والتشكيل مع الأصل.,تغييرات النص/مقابض اللوحة/StyleStore وTextStyleTests؛ تنتظر البناء والاختبارات الأصلية,,,لم يتحقق,لم يتحقق
F084,النص والأنماط والخطوط,4,مكتبة خطوط عربية/إنجليزية/مستوردة بفلاتر ومجموعات,جزئي,قيد التنفيذ,FontLibraryActivity؛ FontsGridScreenKt,FontLibraryView قائمة واحدة واستيراد؛ البحث في منتقي الخط بالمحرر,بحث ومفضلة ومستوردة ومجموعات أضيفت؛ تقسيم عربي/إنجليزي متبقٍ,تنسيق مدى وسطر وكشيدة؛ تدرج داخل الحروف فقط؛ حدود إضافية وظل وخلفية مستقلة؛ موضع وتباعد وخامة وشفافية وتلاشٍ؛ منظور وشبكة بمقابض داخل اللوحة؛ مسطرة وتحويل PNG وأقنعة مسح/استرجاع؛ إنشاء وإدارة واستيراد وتصدير الأنماط والوسوم وقطارة النمط؛ أقسام ومجموعات الخطوط وحذف المخصص وتصديره. تطابق المعاينة والتصدير والحفظ، ومقارنة العربي والتشكيل مع الأصل.,تغييرات مصدر فعلية؛ لم تعتمد مكتملة بعد,,,لم يتحقق,لم يتحقق
F085,النص والأنماط والخطوط,4,تصدير الخطوط/حزمها وحذف المخصصة,ناقص,قيد التنفيذ,ImportedFontsActivity export/import flows,FontLibraryView يستورد فقط؛ الإزالة عند فشل التسجيل ليست أداة حذف,تصدير/استيراد ZIP ومجموعات وحذف خطوط المستخدم أضيف؛ اختبار حزمة فعلي متبقٍ,تنسيق مدى وسطر وكشيدة؛ تدرج داخل الحروف فقط؛ حدود إضافية وظل وخلفية مستقلة؛ موضع وتباعد وخامة وشفافية وتلاشٍ؛ منظور وشبكة بمقابض داخل اللوحة؛ مسطرة وتحويل PNG وأقنعة مسح/استرجاع؛ إنشاء وإدارة واستيراد وتصدير الأنماط والوسوم وقطارة النمط؛ أقسام ومجموعات الخطوط وحذف المخصص وتصديره. تطابق المعاينة والتصدير والحفظ، ومقارنة العربي والتشكيل مع الأصل.,تغييرات مصدر فعلية؛ لم تعتمد مكتملة بعد,,,لم يتحقق,لم يتحقق
F101,الرسم والتنظيف,5,فرشاة SOFT/MARKER/CUSTOM_TEXTURE,ناقص,قيد التنفيذ,BrushStyle enum؛ DrawingBrushPanel,—,Soft/Marker/Texture في الرسم النهائي أضيفت؛ معاينة Soft/Texture اللحظية المطابقة متبقية,SOFT/MARKER وخامة مخصصة وBrush Plus وشفافية؛ محو مباشر؛ مستطيل ودائرة وخط وتعبئة وSmudge؛ معاينة وتنويعات تنظيف واعتماد وإلغاء. النتيجة تظهر أثناء اللمس وتبقى نفسها بعد التراجع والحفظ والتصدير وقرب حدود البلاطات.,تغييرات مصدر فعلية؛ لم تعتمد مكتملة بعد,,,لم يتحقق,لم يتحقق
F102,الرسم والتنظيف,5,شفافية الفرشاة وفرشاة Plus,ناقص,قيد التنفيذ,layout_drawing_brush_panel opacity؛ DrawingBrushPlusPanel,opacity الطبقة فقط,شفافية ضربات مستقلة أضيفت؛ Brush Plus وتنويعاته متبقية,SOFT/MARKER وخامة مخصصة وBrush Plus وشفافية؛ محو مباشر؛ مستطيل ودائرة وخط وتعبئة وSmudge؛ معاينة وتنويعات تنظيف واعتماد وإلغاء. النتيجة تظهر أثناء اللمس وتبقى نفسها بعد التراجع والحفظ والتصدير وقرب حدود البلاطات.,تغييرات مصدر فعلية؛ لم تعتمد مكتملة بعد,,,لم يتحقق,لم يتحقق
F103,الرسم والتنظيف,5,ممحاة الرسم ومسح اللوحة,جزئي,قيد التنفيذ,DrawingEraserPanel clearCanvas,erase strokes؛ معاينة متقطعة حتى رفع الإصبع,مسح طبقة الرسم مع undo أضيف؛ محو حي حقيقي متبقٍ,SOFT/MARKER وخامة مخصصة وBrush Plus وشفافية؛ محو مباشر؛ مستطيل ودائرة وخط وتعبئة وSmudge؛ معاينة وتنويعات تنظيف واعتماد وإلغاء. النتيجة تظهر أثناء اللمس وتبقى نفسها بعد التراجع والحفظ والتصدير وقرب حدود البلاطات.,تغييرات مصدر فعلية؛ لم تعتمد مكتملة بعد,,,لم يتحقق,لم يتحقق
F104,الرسم والتنظيف,5,الرسم: مستطيل/دائرة/خط مستقيم وتعبئة,ناقص,قيد التنفيذ,DrawingTool enum؛ DrawingShapesPanel,Shape layers مختلفة؛ ليست نفس وضع الرسم,خط/مستطيل/دائرة وتعبئة ضمن stroke أضيفت؛ اختبار الحدود والتراجع متبقٍ,SOFT/MARKER وخامة مخصصة وBrush Plus وشفافية؛ محو مباشر؛ مستطيل ودائرة وخط وتعبئة وSmudge؛ معاينة وتنويعات تنظيف واعتماد وإلغاء. النتيجة تظهر أثناء اللمس وتبقى نفسها بعد التراجع والحفظ والتصدير وقرب حدود البلاطات.,تغييرات مصدر فعلية؛ لم تعتمد مكتملة بعد,,,لم يتحقق,لم يتحقق
F105,الرسم والتنظيف,5,طمس Smudge وحجم وقوة,ناقص,لم يبدأ,DrawingSmudgePanel؛ DrawingTool.SMUDGE,—,مؤثر حي يحترم القناع/حدود الصورة ولا يغير الأصل,SOFT/MARKER وخامة مخصصة وBrush Plus وشفافية؛ محو مباشر؛ مستطيل ودائرة وخط وتعبئة وSmudge؛ معاينة وتنويعات تنظيف واعتماد وإلغاء. النتيجة تظهر أثناء اللمس وتبقى نفسها بعد التراجع والحفظ والتصدير وقرب حدود البلاطات.,,,,لم يتحقق,لم يتحقق
F106,الرسم والتنظيف,5,دلو التعبئة Fill Bucket,ناقص,لم يبدأ,RadialMenuTool.FILL_BUCKET؛ EditorCanvasView.fillBucketAt,—,تعبئة مناطق مغلقة بتسامح ولون وتراجع,SOFT/MARKER وخامة مخصصة وBrush Plus وشفافية؛ محو مباشر؛ مستطيل ودائرة وخط وتعبئة وSmudge؛ معاينة وتنويعات تنظيف واعتماد وإلغاء. النتيجة تظهر أثناء اللمس وتبقى نفسها بعد التراجع والحفظ والتصدير وقرب حدود البلاطات.,,,,لم يتحقق,لم يتحقق
F108,الرسم والتنظيف,5,معاينة التنظيف/تنويعات/اعتماد/إلغاء,جزئي,لم يبدأ,layout_inpaint_variations_panel؛ cleaner pill,stroke cleaner يبدأ فور الإنهاء؛ لا عدة variations,عملية مرحلية قابلة للمعاينة والإلغاء واختيار التنويع,SOFT/MARKER وخامة مخصصة وBrush Plus وشفافية؛ محو مباشر؛ مستطيل ودائرة وخط وتعبئة وSmudge؛ معاينة وتنويعات تنظيف واعتماد وإلغاء. النتيجة تظهر أثناء اللمس وتبقى نفسها بعد التراجع والحفظ والتصدير وقرب حدود البلاطات.,,,,لم يتحقق,لم يتحقق
F111,الطبقات,6,فلاتر أنواع الطبقات ومعاينة مكبرة/تحديد متعدد,ناقص,قيد التنفيذ,dialog_layers_glass؛ dialog_preview_layer,List موحدة؛ صور مصغرة للرسم غير مكتملة,فلتر/تحديد متعدد/معاينة مكبرة أضيف؛ إعادة الترتيب المفلتر وتحسين المصغرات متبقيان,فلاتر أنواع الطبقات ومعاينة مكبرة وتحديد متعدد ودمج وتسطيح وتجميع؛ حفظ الترتيب والشفافية والمزج والنتيجة المركبة، مع تراجع واستعادة بعد فتح المشروع.,تغييرات مصدر فعلية؛ لم تعتمد مكتملة بعد,,,لم يتحقق,لم يتحقق
F112,الطبقات,6,دمج طبقات/تسطيح/تجميع,ناقص,قيد التنفيذ,EditorCanvasView layer merge؛ quick merge,—,دمج طبيعي متجاور وتسطيح وتجميع أضيف؛ شفافية الأصل ومزج معقد جزئي وتحريك مجموعة متبقية,فلاتر أنواع الطبقات ومعاينة مكبرة وتحديد متعدد ودمج وتسطيح وتجميع؛ حفظ الترتيب والشفافية والمزج والنتيجة المركبة، مع تراجع واستعادة بعد فتح المشروع.,تغييرات مصدر فعلية؛ لم تعتمد مكتملة بعد,,,لم يتحقق,لم يتحقق
F142,إعدادات الواجهة والقارئ والانتقالات,7,مقاسات UI/أيقونات/شريط/نص/مقابض/كثافة لوحة,ناقص,قيد التنفيذ,Prefs UI_SCALE/ICON_SCALE/TOOLBAR_SCALE/TEXT_SCALE/HANDLE_SCALE/PANEL_DENSITY,dynamicType فقط,إعدادات أيقونات/شريط/نص/مقابض مقيدة بمقاسات آمنة؛ كثافة اللوحة والتحقق البصري متبقيان,مقاسات أدوات وخطوط ومقابض وكثافة آمنة؛ اتجاه قارئ وجودة معاينة ودقة لوحة ومنظف ذكي موصلة فعليًا؛ انتقالات واستجابة ضغط وReduce Motion. لا عناصر خارج شاشة iPad في الاتجاهين ولا تغيير صامت لدقة الأصل عند تغيير المعاينة.,تغييرات مصدر فعلية؛ لم تعتمد مكتملة بعد,,,لم يتحقق,لم يتحقق
F144,إعدادات الواجهة والقارئ والانتقالات,7,اتجاه القارئ/جودة المعاينة/دقة اللوحة/المنظف الذكي,ناقص,قيد التنفيذ,PAGE_TURN_DIRECTION؛ canvas_resolution؛ SMART_CLEANER,Preview sample تلقائي؛ إعدادات ثابتة,اتجاه القارئ وجودة معاينة ونصف قطر منظف موصلة؛ الاختبارات البصرية/الأداء متبقية,مقاسات أدوات وخطوط ومقابض وكثافة آمنة؛ اتجاه قارئ وجودة معاينة ودقة لوحة ومنظف ذكي موصلة فعليًا؛ انتقالات واستجابة ضغط وReduce Motion. لا عناصر خارج شاشة iPad في الاتجاهين ولا تغيير صامت لدقة الأصل عند تغيير المعاينة.,تغييرات مصدر فعلية؛ لم تعتمد مكتملة بعد,,,لم يتحقق,لم يتحقق
F146,إعدادات الواجهة والقارئ والانتقالات,7,حركات/انتقالات/استجابة الضغط/دعم Reduce Motion,جزئي,قيد التنفيذ,Compose theme/animations/dashboard cards,SwiftUI transitions؛ glass buttons,ضغط مخفف ودعم اختيار Reduce Motion وحس لمسي أضيف؛ انتقالات بقية الواجهات متبقية,مقاسات أدوات وخطوط ومقابض وكثافة آمنة؛ اتجاه قارئ وجودة معاينة ودقة لوحة ومنظف ذكي موصلة فعليًا؛ انتقالات واستجابة ضغط وReduce Motion. لا عناصر خارج شاشة iPad في الاتجاهين ولا تغيير صامت لدقة الأصل عند تغيير المعاينة.,تغييرات مصدر فعلية؛ لم تعتمد مكتملة بعد,,,لم يتحقق,لم يتحقق
