id,group,feature,baseline_status,gap,reason
F003,الحساب والبداية,إنشاء الحساب والتأكيد وإعادة إرسال التأكيد,جزئي,إنشاء/تأكيد اختُبرا HTTP؛ إعادة الإرسال واجهة فعلية لم تختبر على جهاز؛ رابط التأكيد يعود localhost,خارج نصف الجرد المختار؛ محفوظ للدفعة اللاحقة
F006,الحساب والبداية,ربط Discord وعرض الحساب المرتبط,ناقص,واجهة الربط والعودة والتحقق من الحساب غير موجودة,خارج نصف الجرد المختار؛ محفوظ للدفعة اللاحقة
F007,الحساب والبداية,الشرح الأولي وبطاقات التدريب,ناقص,خطوات تدريب التايبر/المحرر الأصلية غير موجودة,خارج نصف الجرد المختار؛ محفوظ للدفعة اللاحقة
F013,المشاريع والصفحات,سلة المحذوفات والاسترجاع,ناقص,سلة مشاريع ومسودات مع استرجاع/حذف نهائي,خارج نصف الجرد المختار؛ محفوظ للدفعة اللاحقة
F018,المشاريع والصفحات,استيراد PSD بطبقاته,ناقص,لا يوجد استيراد طبقات PSD أو تحويل نصوصه/مجموعاته,خارج نصف الجرد المختار؛ محفوظ للدفعة اللاحقة
F021,المشاريع والصفحات,استقبال الصور والملفات من قائمة مشاركة iOS,جزئي,استقبال مشاركة متعددة مع اختيار الفصل/المجلد,خارج نصف الجرد المختار؛ محفوظ للدفعة اللاحقة
F022,المشاريع والصفحات,استيراد من الكاميرا/الحافظة/المسودات,جزئي,مصادر الصور الأخرى غير موصلة بالمحرر,خارج نصف الجرد المختار؛ محفوظ للدفعة اللاحقة
F026,المشاريع والصفحات,Watermark Studio وعلامة مائية دفعيًا,ناقص,علامة نص/صورة مع معاينة ونطاق صفحات دون تغيير الأصل,خارج نصف الجرد المختار؛ محفوظ للدفعة اللاحقة
F027,المشاريع والصفحات,تنظيف الفصل تلقائيًا في الخلفية,ناقص,قائمة مهام وتقدم وإلغاء ونتائج لكل صفحة,خارج نصف الجرد المختار؛ محفوظ للدفعة اللاحقة
F049,المحرر العام,القائمة الدائرية وتخصيص اختصاراتها,ناقص,القائمة وفتحاتها/الإيماءات والاختصارات الثمانية,خارج نصف الجرد المختار؛ محفوظ للدفعة اللاحقة
F051,المحرر العام,شبكة اللوحة وإعداداتها,ناقص,شبكة بمعاينة وتبديل دون أثر في التصدير,خارج نصف الجرد المختار؛ محفوظ للدفعة اللاحقة
F053,المحرر العام,قفل الخلفية وتثبيت التحريك بيد واحدة,ناقص,معنى قفل التفاعل مختلف عن حماية الملف؛ يحتاج تدفق مطابق,خارج نصف الجرد المختار؛ محفوظ للدفعة اللاحقة
F054,المحرر العام,خلفية اللوحة وألوانها/شبكتها/صورتها وتمويهها,جزئي,خيارات الأصل الوظيفية؛ ألوان الهوية ثابتة حسب طلب المستخدم,خارج نصف الجرد المختار؛ محفوظ للدفعة اللاحقة
F055,المحرر العام,وضع التركيز Zen واختصارات اللمس,ناقص,إخفاء الأدوات والعودة ونقر مزدوج قابل للتخصيص,خارج نصف الجرد المختار؛ محفوظ للدفعة اللاحقة
F056,المحرر العام,قطارة لون من المركب النهائي,جزئي,لا يلتقط حاليًا النص/طبقات الرسم أو العدسة المكبرة,خارج نصف الجرد المختار؛ محفوظ للدفعة اللاحقة
F072,النصوص,الأبعاد والبروز ثلاثي الأبعاد,جزئي,عمق ولون وبعض دوران؛ اتجاه البروز والتغميق/القوالب غير مطابقين,خارج نصف الجرد المختار؛ محفوظ للدفعة اللاحقة
F074,النصوص,التشويه Warp كأداة مستقلة,جزئي,ليست خوارزمية/واجهة تشويه الأصل بالكامل,خارج نصف الجرد المختار؛ محفوظ للدفعة اللاحقة
F088,الصور والأشكال,موضع الصورة/دورانها/تمديدها/نسخها وحذفها,جزئي,المقابض تعمل؛ لوحة الصورة المستقلة وخطواتها ناقصة,خارج نصف الجرد المختار؛ محفوظ للدفعة اللاحقة
F089,الصور والأشكال,قص الصورة/قص الخلفية والشفاء بقصّ المنطقة,ناقص,قص مستطيل/منطقة ومعاينة ودمج موضع الصورة والطبقات,خارج نصف الجرد المختار؛ محفوظ للدفعة اللاحقة
F091,الصور والأشكال,منظور الصورة وعتامتها ومزجها,جزئي,المنظور مخزن بنمط النص وليس مسار صورة مطابقًا,خارج نصف الجرد المختار؛ محفوظ للدفعة اللاحقة
F092,الصور والأشكال,سطوع/تباين/تشبع/تعريض/حرارة/صبغة/ظل/إضاءة/درجة/حواف,ناقص,تعديلات غير مدمرة مع إعادة ضبط وكل قيمة مستقلة,خارج نصف الجرد المختار؛ محفوظ للدفعة اللاحقة
F093,الصور والأشكال,فلاتر الصورة وقوالبها,ناقص,كتالوج وقوة وتأثير/ترتيب مطابق المصدر,خارج نصف الجرد المختار؛ محفوظ للدفعة اللاحقة
F094,الصور والأشكال,تأثيرات الصورة: 13 نوعًا مع تكديس وترتيب/تعطيل,ناقص,Blur/Chromatic/Glitch/Vignette/Grain/Glow/Pixelate/Halftone/Slice/Fade/Duotone/Mirror/Outline,خارج نصف الجرد المختار؛ محفوظ للدفعة اللاحقة
F095,الصور والأشكال,الفرشاة السحرية: مؤثر موضعي بقناع,ناقص,Blur/Liquid/Pixelate/B&W/Glitch/Sharpen/Duotone بقناع وحجم وشفافية,خارج نصف الجرد المختار؛ محفوظ للدفعة اللاحقة
F096,الصور والأشكال,مسح واسترجاع الصورة بقناع,ناقص,قناع غير مدمر شامل وحفظه في المشروع,خارج نصف الجرد المختار؛ محفوظ للدفعة اللاحقة
F097,الصور والأشكال,مسودات الصور وإدارة المحفوظات,ناقص,اختيار/بحث/حذف/حفظ من النصوص والصور,خارج نصف الجرد المختار؛ محفوظ للدفعة اللاحقة
F098,الصور والأشكال,الأشكال وفقاعات الكلام الأساسية,جزئي,الأشكال الأساسية موجودة؛ CustomPath غير موجود والمعادلات ليست مقارنة بكسلية,خارج نصف الجرد المختار؛ محفوظ للدفعة اللاحقة
F099,الصور والأشكال,أدوات الأشكال: لون/موضع/منظور/مسح/شفافية,جزئي,أدوات تحرير نوعية ومقابض المنظور والقناع,خارج نصف الجرد المختار؛ محفوظ للدفعة اللاحقة
F128,المجتمع والملف,الإعجاب/التصويت على المنشور,جزئي,طلب فعلي؛ لم يؤكد المستخدم التصويت ولم تختبر العودة/التكرار,خارج نصف الجرد المختار؛ محفوظ للدفعة اللاحقة
F129,المجتمع والملف,إنشاء منشور وإرفاق صور/ملفات/وسوم,ناقص,تكوين منشور ورفع صور/مرفقات مع قيود النقاط والاعتماد,خارج نصف الجرد المختار؛ محفوظ للدفعة اللاحقة
F130,المجتمع والملف,تعديل/حذف منشور وتعليق/إبلاغ ومشاركة,ناقص,صلاحيات صاحب المحتوى/مراجعة البلاغ/روابط المشاركة,خارج نصف الجرد المختار؛ محفوظ للدفعة اللاحقة
F131,المجتمع والملف,أقسام الأحدث/الرائج/المثبت/إعلانات/وسائط متعددة,جزئي,تبويبات وترتيب وترقيم وCarousel ومرفقات وتنزيلها,خارج نصف الجرد المختار؛ محفوظ للدفعة اللاحقة
F133,المجتمع والملف,ملف شخصي: الاسم والصورة والعضوية والنقاط والفقاعات,جزئي,عرض أساسي؛ ترتيب/أوسمة/سجل/تعديل بيانات الملف ومطابقة الواجهة ناقص,خارج نصف الجرد المختار؛ محفوظ للدفعة اللاحقة
F134,المجتمع والملف,قائمة المتصدرين والموسم والإحصاءات,ناقص,شاشة ترتيب/مواسم/إحصاءات وربط البيانات,خارج نصف الجرد المختار؛ محفوظ للدفعة اللاحقة
F135,المجتمع والملف,المكافآت اليومية/المواظبة/الدعوات,ناقص,صفحات وتدفقات رسمية وإثبات الاستحقاق؛ دون رصيد محلي مزيف,خارج نصف الجرد المختار؛ محفوظ للدفعة اللاحقة
F145,الإعدادات والتصميم,لغة التطبيق ومظهره/الخلفيات/تخصيص الثيم,جزئي,الهوية ثابتة عمدًا؛ خيارات وظيفية للتكبير/القراءة تبقى؛ ليست مطابقة كل ثيمات المتجر,خارج نصف الجرد المختار؛ محفوظ للدفعة اللاحقة
F150,كتالوج تأثيرات النص,BLUR,جزئي,النوع الأساسي موجود لكن تطابق خوارزمية/قيم/معاينة الأصل غير مثبت,خارج نصف الجرد المختار؛ محفوظ للدفعة اللاحقة
F151,كتالوج تأثيرات النص,GLITCH,جزئي,النوع الأساسي موجود لكن تطابق خوارزمية/قيم/معاينة الأصل غير مثبت,خارج نصف الجرد المختار؛ محفوظ للدفعة اللاحقة
F152,كتالوج تأثيرات النص,SLICE,جزئي,النوع الأساسي موجود لكن تطابق خوارزمية/قيم/معاينة الأصل غير مثبت,خارج نصف الجرد المختار؛ محفوظ للدفعة اللاحقة
F153,كتالوج تأثيرات النص,NEON,جزئي,النوع الأساسي موجود لكن تطابق خوارزمية/قيم/معاينة الأصل غير مثبت,خارج نصف الجرد المختار؛ محفوظ للدفعة اللاحقة
F154,كتالوج تأثيرات النص,FADE,جزئي,النوع الأساسي موجود لكن تطابق خوارزمية/قيم/معاينة الأصل غير مثبت,خارج نصف الجرد المختار؛ محفوظ للدفعة اللاحقة
F155,كتالوج تأثيرات النص,WARP,جزئي,النوع الأساسي موجود لكن تطابق خوارزمية/قيم/معاينة الأصل غير مثبت,خارج نصف الجرد المختار؛ محفوظ للدفعة اللاحقة
F156,كتالوج تأثيرات النص,SHADOW,جزئي,النوع الأساسي موجود لكن تطابق خوارزمية/قيم/معاينة الأصل غير مثبت,خارج نصف الجرد المختار؛ محفوظ للدفعة اللاحقة
F157,كتالوج تأثيرات النص,ERROR,جزئي,النوع الأساسي موجود لكن تطابق خوارزمية/قيم/معاينة الأصل غير مثبت,خارج نصف الجرد المختار؛ محفوظ للدفعة اللاحقة
F158,كتالوج تأثيرات النص,ECHO,ناقص,نوع غير موجود في محرك أو واجهة iOS,خارج نصف الجرد المختار؛ محفوظ للدفعة اللاحقة
F159,كتالوج تأثيرات النص,LIQUID,ناقص,نوع غير موجود في محرك أو واجهة iOS,خارج نصف الجرد المختار؛ محفوظ للدفعة اللاحقة
F160,كتالوج تأثيرات النص,CRIMSON_TEARS,ناقص,نوع غير موجود في محرك أو واجهة iOS,خارج نصف الجرد المختار؛ محفوظ للدفعة اللاحقة
F161,كتالوج تأثيرات النص,ABYSSAL,ناقص,نوع غير موجود في محرك أو واجهة iOS,خارج نصف الجرد المختار؛ محفوظ للدفعة اللاحقة
F162,كتالوج تأثيرات النص,PANIC_TREMOR,ناقص,نوع غير موجود في محرك أو واجهة iOS,خارج نصف الجرد المختار؛ محفوظ للدفعة اللاحقة
F163,كتالوج تأثيرات النص,FIRE_SHADER,ناقص,نوع غير موجود في محرك أو واجهة iOS,خارج نصف الجرد المختار؛ محفوظ للدفعة اللاحقة
F164,كتالوج تأثيرات النص,GLASS_SHADER,ناقص,نوع غير موجود في محرك أو واجهة iOS,خارج نصف الجرد المختار؛ محفوظ للدفعة اللاحقة
F165,كتالوج تأثيرات النص,AURA_SHADER,ناقص,نوع غير موجود في محرك أو واجهة iOS,خارج نصف الجرد المختار؛ محفوظ للدفعة اللاحقة
F166,كتالوج تأثيرات النص,NEBULA_SHADER,ناقص,نوع غير موجود في محرك أو واجهة iOS,خارج نصف الجرد المختار؛ محفوظ للدفعة اللاحقة
F167,كتالوج تأثيرات النص,PLASMA_SHADER,ناقص,نوع غير موجود في محرك أو واجهة iOS,خارج نصف الجرد المختار؛ محفوظ للدفعة اللاحقة
F168,كتالوج تأثيرات النص,HOLOGRAPHIC_SHADER,ناقص,نوع غير موجود في محرك أو واجهة iOS,خارج نصف الجرد المختار؛ محفوظ للدفعة اللاحقة
F169,كتالوج تأثيرات النص,ELECTRIC_SHADER,ناقص,نوع غير موجود في محرك أو واجهة iOS,خارج نصف الجرد المختار؛ محفوظ للدفعة اللاحقة
F170,كتالوج تأثيرات الصور,BLUR,ناقص,نوع مستقل مع معلمات وقناع/ترتيب وإعادة ضبط؛ توفره في الأصل يتطلب تحققًا للحساب,خارج نصف الجرد المختار؛ محفوظ للدفعة اللاحقة
F171,كتالوج تأثيرات الصور,CHROMATIC,ناقص,نوع مستقل مع معلمات وقناع/ترتيب وإعادة ضبط؛ توفره في الأصل يتطلب تحققًا للحساب,خارج نصف الجرد المختار؛ محفوظ للدفعة اللاحقة
F172,كتالوج تأثيرات الصور,GLITCH,ناقص,نوع مستقل مع معلمات وقناع/ترتيب وإعادة ضبط؛ توفره في الأصل يتطلب تحققًا للحساب,خارج نصف الجرد المختار؛ محفوظ للدفعة اللاحقة
F173,كتالوج تأثيرات الصور,VIGNETTE,ناقص,نوع مستقل مع معلمات وقناع/ترتيب وإعادة ضبط؛ توفره في الأصل يتطلب تحققًا للحساب,خارج نصف الجرد المختار؛ محفوظ للدفعة اللاحقة
F174,كتالوج تأثيرات الصور,GRAIN,ناقص,نوع مستقل مع معلمات وقناع/ترتيب وإعادة ضبط؛ توفره في الأصل يتطلب تحققًا للحساب,خارج نصف الجرد المختار؛ محفوظ للدفعة اللاحقة
F175,كتالوج تأثيرات الصور,GLOW,ناقص,نوع مستقل مع معلمات وقناع/ترتيب وإعادة ضبط؛ توفره في الأصل يتطلب تحققًا للحساب,خارج نصف الجرد المختار؛ محفوظ للدفعة اللاحقة
F176,كتالوج تأثيرات الصور,PIXELATE,ناقص,نوع مستقل مع معلمات وقناع/ترتيب وإعادة ضبط؛ توفره في الأصل يتطلب تحققًا للحساب,خارج نصف الجرد المختار؛ محفوظ للدفعة اللاحقة
F177,كتالوج تأثيرات الصور,HALFTONE,ناقص,نوع مستقل مع معلمات وقناع/ترتيب وإعادة ضبط؛ توفره في الأصل يتطلب تحققًا للحساب,خارج نصف الجرد المختار؛ محفوظ للدفعة اللاحقة
F178,كتالوج تأثيرات الصور,SLICE,ناقص,نوع مستقل مع معلمات وقناع/ترتيب وإعادة ضبط؛ توفره في الأصل يتطلب تحققًا للحساب,خارج نصف الجرد المختار؛ محفوظ للدفعة اللاحقة
F179,كتالوج تأثيرات الصور,FADE,ناقص,نوع مستقل مع معلمات وقناع/ترتيب وإعادة ضبط؛ توفره في الأصل يتطلب تحققًا للحساب,خارج نصف الجرد المختار؛ محفوظ للدفعة اللاحقة
F180,كتالوج تأثيرات الصور,DUOTONE,ناقص,نوع مستقل مع معلمات وقناع/ترتيب وإعادة ضبط؛ توفره في الأصل يتطلب تحققًا للحساب,خارج نصف الجرد المختار؛ محفوظ للدفعة اللاحقة
F181,كتالوج تأثيرات الصور,MIRROR,ناقص,نوع مستقل مع معلمات وقناع/ترتيب وإعادة ضبط؛ توفره في الأصل يتطلب تحققًا للحساب,خارج نصف الجرد المختار؛ محفوظ للدفعة اللاحقة
F182,كتالوج تأثيرات الصور,OUTLINE,ناقص,نوع مستقل مع معلمات وقناع/ترتيب وإعادة ضبط؛ توفره في الأصل يتطلب تحققًا للحساب,خارج نصف الجرد المختار؛ محفوظ للدفعة اللاحقة
