method,type,keys,line,source,meaning
getAccentColor,String,ACCENT_COLOR,234,decompiled/sources/com/oneguystudio/ytyper/data/Prefs.java,راجع طريقة الاستخدام؛ ليست كل قيمة إعدادًا ظاهرًا للمستخدم
getActiveTagSetId,String,active_tag_set_id,239,decompiled/sources/com/oneguystudio/ytyper/data/Prefs.java,راجع طريقة الاستخدام؛ ليست كل قيمة إعدادًا ظاهرًا للمستخدم
getAdsExpiry,long,ads_expiry,244,decompiled/sources/com/oneguystudio/ytyper/data/Prefs.java,راجع طريقة الاستخدام؛ ليست كل قيمة إعدادًا ظاهرًا للمستخدم
getAppTextColor,String,APP_TEXT_COLOR,260,decompiled/sources/com/oneguystudio/ytyper/data/Prefs.java,راجع طريقة الاستخدام؛ ليست كل قيمة إعدادًا ظاهرًا للمستخدم
getAppTextShadowColor,String,APP_TEXT_SHADOW_COLOR,265,decompiled/sources/com/oneguystudio/ytyper/data/Prefs.java,راجع طريقة الاستخدام؛ ليست كل قيمة إعدادًا ظاهرًا للمستخدم
getBubbleSeparationMode,int,BUBBLE_SEPARATION_MODE,275,decompiled/sources/com/oneguystudio/ytyper/data/Prefs.java,راجع طريقة الاستخدام؛ ليست كل قيمة إعدادًا ظاهرًا للمستخدم
getCanvasResolution,int,canvas_resolution,279,decompiled/sources/com/oneguystudio/ytyper/data/Prefs.java,راجع طريقة الاستخدام؛ ليست كل قيمة إعدادًا ظاهرًا للمستخدم
getClaimedInvitesCount,int,claimed_invites_count,283,decompiled/sources/com/oneguystudio/ytyper/data/Prefs.java,راجع طريقة الاستخدام؛ ليست كل قيمة إعدادًا ظاهرًا للمستخدم
getCustomBackgroundScaleType,int,CUSTOM_BG_SCALE_TYPE,287,decompiled/sources/com/oneguystudio/ytyper/data/Prefs.java,راجع طريقة الاستخدام؛ ليست كل قيمة إعدادًا ظاهرًا للمستخدم
getCustomBackgroundUri,String,custom_background_uri,291,decompiled/sources/com/oneguystudio/ytyper/data/Prefs.java,راجع طريقة الاستخدام؛ ليست كل قيمة إعدادًا ظاهرًا للمستخدم
getCustomStyleFolders,Set<String>,CUSTOM_STYLE_FOLDERS,295,decompiled/sources/com/oneguystudio/ytyper/data/Prefs.java,راجع طريقة الاستخدام؛ ليست كل قيمة إعدادًا ظاهرًا للمستخدم
getDailyStreakCount,int,DAILY_STREAK_COUNT,302,decompiled/sources/com/oneguystudio/ytyper/data/Prefs.java,راجع طريقة الاستخدام؛ ليست كل قيمة إعدادًا ظاهرًا للمستخدم
getEditorCanvasBgBlur,float,editor_canvas_bg_blur,310,decompiled/sources/com/oneguystudio/ytyper/data/Prefs.java,راجع طريقة الاستخدام؛ ليست كل قيمة إعدادًا ظاهرًا للمستخدم
getEditorCanvasBgMode,int,editor_canvas_bg_mode,314,decompiled/sources/com/oneguystudio/ytyper/data/Prefs.java,راجع طريقة الاستخدام؛ ليست كل قيمة إعدادًا ظاهرًا للمستخدم
getEditorCanvasBgScale,float,editor_canvas_bg_scale,318,decompiled/sources/com/oneguystudio/ytyper/data/Prefs.java,راجع طريقة الاستخدام؛ ليست كل قيمة إعدادًا ظاهرًا للمستخدم
getEditorCanvasBgTransX,float,editor_canvas_bg_trans_x,322,decompiled/sources/com/oneguystudio/ytyper/data/Prefs.java,راجع طريقة الاستخدام؛ ليست كل قيمة إعدادًا ظاهرًا للمستخدم
getEditorCanvasBgTransY,float,editor_canvas_bg_trans_y,326,decompiled/sources/com/oneguystudio/ytyper/data/Prefs.java,راجع طريقة الاستخدام؛ ليست كل قيمة إعدادًا ظاهرًا للمستخدم
getEditorCanvasCustomBgPath,String,editor_canvas_custom_bg_path,330,decompiled/sources/com/oneguystudio/ytyper/data/Prefs.java,راجع طريقة الاستخدام؛ ليست كل قيمة إعدادًا ظاهرًا للمستخدم
getExtraStroke2Unlocked,boolean,EXTRA_STROKE_2,334,decompiled/sources/com/oneguystudio/ytyper/data/Prefs.java,راجع طريقة الاستخدام؛ ليست كل قيمة إعدادًا ظاهرًا للمستخدم
getExtraStroke3Unlocked,boolean,EXTRA_STROKE_3,338,decompiled/sources/com/oneguystudio/ytyper/data/Prefs.java,راجع طريقة الاستخدام؛ ليست كل قيمة إعدادًا ظاهرًا للمستخدم
getExtraTagSetsPurchased,int,extra_tag_sets_purchased,342,decompiled/sources/com/oneguystudio/ytyper/data/Prefs.java,راجع طريقة الاستخدام؛ ليست كل قيمة إعدادًا ظاهرًا للمستخدم
getExtraTagSlotsPurchased,int,extra_tag_slots_purchased,346,decompiled/sources/com/oneguystudio/ytyper/data/Prefs.java,راجع طريقة الاستخدام؛ ليست كل قيمة إعدادًا ظاهرًا للمستخدم
getHandleScale,float,HANDLE_SCALE,350,decompiled/sources/com/oneguystudio/ytyper/data/Prefs.java,راجع طريقة الاستخدام؛ ليست كل قيمة إعدادًا ظاهرًا للمستخدم
getHandleTransformSpeed,float,HANDLE_TRANSFORM_SPEED,354,decompiled/sources/com/oneguystudio/ytyper/data/Prefs.java,راجع طريقة الاستخدام؛ ليست كل قيمة إعدادًا ظاهرًا للمستخدم
getIconScale,float,ICON_SCALE,358,decompiled/sources/com/oneguystudio/ytyper/data/Prefs.java,راجع طريقة الاستخدام؛ ليست كل قيمة إعدادًا ظاهرًا للمستخدم
getLanguage,String,app_language,367,decompiled/sources/com/oneguystudio/ytyper/data/Prefs.java,راجع طريقة الاستخدام؛ ليست كل قيمة إعدادًا ظاهرًا للمستخدم
getLastIndex,int,LAST_INDEX,377,decompiled/sources/com/oneguystudio/ytyper/data/Prefs.java,راجع طريقة الاستخدام؛ ليست كل قيمة إعدادًا ظاهرًا للمستخدم
getLastLuckySpinTime,long,LAST_LUCKY_SPIN_TIME,381,decompiled/sources/com/oneguystudio/ytyper/data/Prefs.java,راجع طريقة الاستخدام؛ ليست كل قيمة إعدادًا ظاهرًا للمستخدم
getLastStreakClaimTime,long,LAST_STREAK_CLAIM_TIME,385,decompiled/sources/com/oneguystudio/ytyper/data/Prefs.java,راجع طريقة الاستخدام؛ ليست كل قيمة إعدادًا ظاهرًا للمستخدم
getLinkTag,String,LINK_TAG,389,decompiled/sources/com/oneguystudio/ytyper/data/Prefs.java,راجع طريقة الاستخدام؛ ليست كل قيمة إعدادًا ظاهرًا للمستخدم
getPageTurnDirection,int,PAGE_TURN_DIRECTION,413,decompiled/sources/com/oneguystudio/ytyper/data/Prefs.java,راجع طريقة الاستخدام؛ ليست كل قيمة إعدادًا ظاهرًا للمستخدم
getPanelDensity,float,PANEL_DENSITY,417,decompiled/sources/com/oneguystudio/ytyper/data/Prefs.java,راجع طريقة الاستخدام؛ ليست كل قيمة إعدادًا ظاهرًا للمستخدم
getPendingSpentPoints,int,PENDING_SPENT_POINTS,421,decompiled/sources/com/oneguystudio/ytyper/data/Prefs.java,راجع طريقة الاستخدام؛ ليست كل قيمة إعدادًا ظاهرًا للمستخدم
getRadialMenuSlots,String,radial_menu_slots,425,decompiled/sources/com/oneguystudio/ytyper/data/Prefs.java,راجع طريقة الاستخدام؛ ليست كل قيمة إعدادًا ظاهرًا للمستخدم
getSelectedThemeId,int,selected_theme_id,429,decompiled/sources/com/oneguystudio/ytyper/data/Prefs.java,راجع طريقة الاستخدام؛ ليست كل قيمة إعدادًا ظاهرًا للمستخدم
getSnapStrength,float,SNAP_STRENGTH,433,decompiled/sources/com/oneguystudio/ytyper/data/Prefs.java,راجع طريقة الاستخدام؛ ليست كل قيمة إعدادًا ظاهرًا للمستخدم
getSniperAmmo,int,sniper_ammo,437,decompiled/sources/com/oneguystudio/ytyper/data/Prefs.java,راجع طريقة الاستخدام؛ ليست كل قيمة إعدادًا ظاهرًا للمستخدم
getStorePoints,int,STORE_POINTS,441,decompiled/sources/com/oneguystudio/ytyper/data/Prefs.java,راجع طريقة الاستخدام؛ ليست كل قيمة إعدادًا ظاهرًا للمستخدم
getTagSets,List<TagSet>,dynamic_tag_sets;dynamic_tags,452,decompiled/sources/com/oneguystudio/ytyper/data/Prefs.java,راجع طريقة الاستخدام؛ ليست كل قيمة إعدادًا ظاهرًا للمستخدم
getTextScale,float,TEXT_SCALE,545,decompiled/sources/com/oneguystudio/ytyper/data/Prefs.java,راجع طريقة الاستخدام؛ ليست كل قيمة إعدادًا ظاهرًا للمستخدم
getTextSize,int,TEXT_SIZE,549,decompiled/sources/com/oneguystudio/ytyper/data/Prefs.java,راجع طريقة الاستخدام؛ ليست كل قيمة إعدادًا ظاهرًا للمستخدم
getThemeExpiry,long,theme_expiry,553,decompiled/sources/com/oneguystudio/ytyper/data/Prefs.java,راجع طريقة الاستخدام؛ ليست كل قيمة إعدادًا ظاهرًا للمستخدم
getTier,String,subscription_tier,557,decompiled/sources/com/oneguystudio/ytyper/data/Prefs.java,راجع طريقة الاستخدام؛ ليست كل قيمة إعدادًا ظاهرًا للمستخدم
getToolbarScale,float,TOOLBAR_SCALE,569,decompiled/sources/com/oneguystudio/ytyper/data/Prefs.java,راجع طريقة الاستخدام؛ ليست كل قيمة إعدادًا ظاهرًا للمستخدم
getTyperPanelSize,int,TYPER_PANEL_SIZE,573,decompiled/sources/com/oneguystudio/ytyper/data/Prefs.java,راجع طريقة الاستخدام؛ ليست كل قيمة إعدادًا ظاهرًا للمستخدم
getTyperPasteScale,int,TYPER_PASTE_SCALE,577,decompiled/sources/com/oneguystudio/ytyper/data/Prefs.java,راجع طريقة الاستخدام؛ ليست كل قيمة إعدادًا ظاهرًا للمستخدم
getUiScale,float,UI_SCALE,581,decompiled/sources/com/oneguystudio/ytyper/data/Prefs.java,راجع طريقة الاستخدام؛ ليست كل قيمة إعدادًا ظاهرًا للمستخدم
getUnlimitedResExpiry,long,unlimited_res_expiry,585,decompiled/sources/com/oneguystudio/ytyper/data/Prefs.java,راجع طريقة الاستخدام؛ ليست كل قيمة إعدادًا ظاهرًا للمستخدم
getUnlockedEffects,Set<String>,UNLOCKED_EFFECTS,589,decompiled/sources/com/oneguystudio/ytyper/data/Prefs.java,راجع طريقة الاستخدام؛ ليست كل قيمة إعدادًا ظاهرًا للمستخدم
getUnlockedImageEffects,Set<String>,UNLOCKED_IMAGE_EFFECTS,596,decompiled/sources/com/oneguystudio/ytyper/data/Prefs.java,راجع طريقة الاستخدام؛ ليست كل قيمة إعدادًا ظاهرًا للمستخدم
getUnlockedRadialTools,Set<String>,UNLOCKED_RADIAL_TOOLS,603,decompiled/sources/com/oneguystudio/ytyper/data/Prefs.java,راجع طريقة الاستخدام؛ ليست كل قيمة إعدادًا ظاهرًا للمستخدم
isAccentColorUnlocked,boolean,UNLOCKED_ACCENT_COLORS,618,decompiled/sources/com/oneguystudio/ytyper/data/Prefs.java,راجع طريقة الاستخدام؛ ليست كل قيمة إعدادًا ظاهرًا للمستخدم
isAdsRemoved,boolean,ADS_REMOVED_PURCHASED,637,decompiled/sources/com/oneguystudio/ytyper/data/Prefs.java,راجع طريقة الاستخدام؛ ليست كل قيمة إعدادًا ظاهرًا للمستخدم
isAdvancedGradientUnlocked,boolean,advanced_gradient_unlocked,641,decompiled/sources/com/oneguystudio/ytyper/data/Prefs.java,راجع طريقة الاستخدام؛ ليست كل قيمة إعدادًا ظاهرًا للمستخدم
isAutoSyncFontsEnabled,boolean,AUTO_SYNC_FONTS,645,decompiled/sources/com/oneguystudio/ytyper/data/Prefs.java,راجع طريقة الاستخدام؛ ليست كل قيمة إعدادًا ظاهرًا للمستخدم
isAutoSyncStylesEnabled,boolean,AUTO_SYNC_STYLES,649,decompiled/sources/com/oneguystudio/ytyper/data/Prefs.java,راجع طريقة الاستخدام؛ ليست كل قيمة إعدادًا ظاهرًا للمستخدم
isAutoTint,boolean,AUTO_TINT,653,decompiled/sources/com/oneguystudio/ytyper/data/Prefs.java,راجع طريقة الاستخدام؛ ليست كل قيمة إعدادًا ظاهرًا للمستخدم
isBrightTheme,boolean,IS_BRIGHT_THEME,657,decompiled/sources/com/oneguystudio/ytyper/data/Prefs.java,راجع طريقة الاستخدام؛ ليست كل قيمة إعدادًا ظاهرًا للمستخدم
isDashboardTutorialShown,boolean,TUTORIAL_DASHBOARD,661,decompiled/sources/com/oneguystudio/ytyper/data/Prefs.java,راجع طريقة الاستخدام؛ ليست كل قيمة إعدادًا ظاهرًا للمستخدم
isDoubleTapZoomEnabled,boolean,DOUBLE_TAP_ZOOM_ENABLED,665,decompiled/sources/com/oneguystudio/ytyper/data/Prefs.java,راجع طريقة الاستخدام؛ ليست كل قيمة إعدادًا ظاهرًا للمستخدم
isFloatingTutorialShown,boolean,TUTORIAL_FLOATING,677,decompiled/sources/com/oneguystudio/ytyper/data/Prefs.java,راجع طريقة الاستخدام؛ ليست كل قيمة إعدادًا ظاهرًا للمستخدم
isPerspectiveUnlocked,boolean,TEXT_PERSPECTIVE_UNLOCKED,689,decompiled/sources/com/oneguystudio/ytyper/data/Prefs.java,راجع طريقة الاستخدام؛ ليست كل قيمة إعدادًا ظاهرًا للمستخدم
isSmartCleanerEnabled,boolean,SMART_CLEANER,717,decompiled/sources/com/oneguystudio/ytyper/data/Prefs.java,راجع طريقة الاستخدام؛ ليست كل قيمة إعدادًا ظاهرًا للمستخدم
isSmartTextPositioningEnabled,boolean,SMART_TEXT_POSITIONING_ENABLED,721,decompiled/sources/com/oneguystudio/ytyper/data/Prefs.java,راجع طريقة الاستخدام؛ ليست كل قيمة إعدادًا ظاهرًا للمستخدم
isSnapCenterXEnabled,boolean,SNAP_CENTER_X_ENABLED,725,decompiled/sources/com/oneguystudio/ytyper/data/Prefs.java,راجع طريقة الاستخدام؛ ليست كل قيمة إعدادًا ظاهرًا للمستخدم
isSnapCenterYEnabled,boolean,SNAP_CENTER_Y_ENABLED,729,decompiled/sources/com/oneguystudio/ytyper/data/Prefs.java,راجع طريقة الاستخدام؛ ليست كل قيمة إعدادًا ظاهرًا للمستخدم
isSnapEdgesEnabled,boolean,SNAP_EDGES_ENABLED,733,decompiled/sources/com/oneguystudio/ytyper/data/Prefs.java,راجع طريقة الاستخدام؛ ليست كل قيمة إعدادًا ظاهرًا للمستخدم
isSnapLayersEnabled,boolean,SNAP_LAYERS_ENABLED,737,decompiled/sources/com/oneguystudio/ytyper/data/Prefs.java,راجع طريقة الاستخدام؛ ليست كل قيمة إعدادًا ظاهرًا للمستخدم
isThemeUnlocked,boolean,unlocked_theme_,741,decompiled/sources/com/oneguystudio/ytyper/data/Prefs.java,راجع طريقة الاستخدام؛ ليست كل قيمة إعدادًا ظاهرًا للمستخدم
isWarpUnlocked,boolean,TEXT_WARP_UNLOCKED,745,decompiled/sources/com/oneguystudio/ytyper/data/Prefs.java,راجع طريقة الاستخدام؛ ليست كل قيمة إعدادًا ظاهرًا للمستخدم
